,WARD_PRECINCT_CODE,Year,VOTES CAST,BLANKS,BALLOTS CAST,Registered Voters,Voter Turnout
0,101.0,2011.0,583,249,208,1114.0,0.52
1,102.0,2011.0,282,186,117,805.0,0.35
2,103.0,2011.0,695,385,270,1726.0,0.4
3,104.0,2011.0,217,167,96,548.0,0.4
4,105.0,2011.0,341,195,134,955.0,0.36
5,106.0,2011.0,285,131,104,842.0,0.34
6,107.0,2011.0,322,162,121,1020.0,0.32
7,108.0,2011.0,554,258,203,1460.0,0.38
8,109.0,2011.0,225,115,85,830.0,0.27
9,110.0,2011.0,179,85,66,587.0,0.3
10,111.0,2011.0,638,406,261,1288.0,0.5
11,112.0,2011.0,696,392,272,1266.0,0.55
12,113.0,2011.0,699,389,272,1591.0,0.44
13,114.0,2011.0,279,221,125,896.0,0.31
14,115.0,2011.0,0,0,0,168.0,0.0
15,201.0,2011.0,1031,553,396,1855.0,0.56
16,202.0,2011.0,905,379,321,2510.0,0.36
17,203.0,2011.0,872,376,312,1461.0,0.6
18,204.0,2011.0,522,302,206,1345.0,0.39
19,205.0,2011.0,950,354,326,1544.0,0.62
20,206.0,2011.0,1331,609,485,1878.0,0.71
21,207.0,2011.0,754,298,263,1312.0,0.57
22,301.0,2011.0,1254,574,457,3357.0,0.37
23,302.0,2011.0,413,199,153,1469.0,0.28
24,303.0,2011.0,320,164,121,1461.0,0.22
25,304.0,2011.0,516,260,194,1570.0,0.33
26,305.0,2011.0,1020,256,319,2751.0,0.37
27,306.0,2011.0,830,258,272,3588.0,0.23
28,307.0,2011.0,1606,626,558,3707.0,0.43
29,308.0,2011.0,1814,1486,825,3843.0,0.47
30,401.0,2011.0,1102,454,389,1918.0,0.57
31,402.0,2011.0,969,439,352,2825.0,0.34
32,403.0,2011.0,767,233,250,1261.0,0.61
33,404.0,2011.0,896,268,291,1891.0,0.47
34,405.0,2011.0,593,223,204,1482.0,0.4
35,406.0,2011.0,466,174,160,1293.0,0.36
36,407.0,2011.0,409,131,135,1400.0,0.29
37,408.0,2011.0,483,177,165,1337.0,0.36
38,409.0,2011.0,133,91,56,806.0,0.17
39,410.0,2011.0,52,12,16,630.0,0.08
40,501.0,2011.0,2182,1462,911,3959.0,0.55
41,502.0,2011.0,459,121,145,2369.0,0.19
42,503.0,2011.0,696,208,226,1614.0,0.43
43,504.0,2011.0,523,169,173,2081.0,0.25
44,505.0,2011.0,372,124,124,623.0,0.6
45,506.0,2011.0,445,171,154,1668.0,0.27
46,507.0,2011.0,595,197,198,2102.0,0.28
47,508.0,2011.0,543,185,182,1937.0,0.28
48,509.0,2011.0,526,138,166,2809.0,0.19
49,510.0,2011.0,366,66,108,1975.0,0.19
50,511.0,2011.0,609,163,193,1154.0,0.53
51,601.0,2011.0,1160,692,463,2928.0,0.4
52,602.0,2011.0,463,385,212,1115.0,0.42
53,603.0,2011.0,744,444,297,1484.0,0.5
54,604.0,2011.0,822,562,346,1554.0,0.53
55,605.0,2011.0,705,519,306,1429.0,0.49
56,606.0,2011.0,1136,872,502,1370.0,0.83
57,607.0,2011.0,906,742,412,1349.0,0.67
58,608.0,2011.0,922,750,418,1410.0,0.65
59,609.0,2011.0,921,1031,488,1404.0,0.66
60,701.0,2011.0,994,830,456,1248.0,0.8
61,702.0,2011.0,1075,889,491,1582.0,0.68
62,703.0,2011.0,1417,1115,633,1871.0,0.76
63,704.0,2011.0,909,635,386,1619.0,0.56
64,705.0,2011.0,582,474,264,1335.0,0.44
65,706.0,2011.0,542,330,218,1245.0,0.44
66,707.0,2011.0,467,341,202,972.0,0.48
67,708.0,2011.0,507,297,201,926.0,0.55
68,709.0,2011.0,498,258,189,1005.0,0.5
69,710.0,2011.0,327,197,131,1222.0,0.27
70,801.0,2011.0,390,258,162,995.0,0.39
71,802.0,2011.0,751,305,264,2095.0,0.36
72,803.0,2011.0,364,228,148,1222.0,0.3
73,804.0,2011.0,240,96,84,585.0,0.41
74,805.0,2011.0,444,260,176,1244.0,0.36
75,806.0,2011.0,171,53,56,436.0,0.39
76,807.0,2011.0,292,172,116,847.0,0.34
77,901.0,2011.0,869,559,357,1733.0,0.5
78,902.0,2011.0,724,268,248,1889.0,0.38
79,903.0,2011.0,1050,422,368,2720.0,0.39
80,904.0,2011.0,522,298,205,1827.0,0.29
81,905.0,2011.0,1020,568,397,1789.0,0.57
82,1001.0,2011.0,307,77,96,833.0,0.37
83,1002.0,2011.0,307,85,98,1016.0,0.3
84,1003.0,2011.0,293,75,92,906.0,0.32
85,1004.0,2011.0,867,317,296,1599.0,0.54
86,1005.0,2011.0,533,199,183,1075.0,0.5
87,1006.0,2011.0,325,111,109,1133.0,0.29
88,1007.0,2011.0,534,238,193,1573.0,0.34
89,1008.0,2011.0,636,184,205,1569.0,0.41
90,1009.0,2011.0,807,225,258,1851.0,0.44
91,1101.0,2011.0,422,194,154,817.0,0.52
92,1102.0,2011.0,676,416,273,1301.0,0.52
93,1103.0,2011.0,530,194,181,1078.0,0.49
94,1104.0,2011.0,662,354,254,1657.0,0.4
95,1105.0,2011.0,670,394,266,1342.0,0.5
96,1106.0,2011.0,657,219,219,1056.0,0.62
97,1107.0,2011.0,816,324,285,1460.0,0.56
98,1108.0,2011.0,816,232,262,1486.0,0.55
99,1109.0,2011.0,715,189,226,957.0,0.75
100,1110.0,2011.0,749,235,246,1302.0,0.58
101,1201.0,2011.0,882,274,289,1483.0,0.59
102,1202.0,2011.0,1173,407,395,1978.0,0.59
103,1203.0,2011.0,488,248,184,971.0,0.5
104,1204.0,2011.0,407,185,148,959.0,0.42
105,1205.0,2011.0,514,262,194,749.0,0.69
106,1206.0,2011.0,454,194,162,760.0,0.6
107,1207.0,2011.0,1015,517,383,2229.0,0.46
108,1208.0,2011.0,317,147,116,710.0,0.45
109,1209.0,2011.0,515,241,189,890.0,0.58
110,1301.0,2011.0,633,175,202,1258.0,0.5
111,1302.0,2011.0,165,91,64,545.0,0.3
112,1303.0,2011.0,419,193,153,1463.0,0.29
113,1304.0,2011.0,380,172,138,941.0,0.4
114,1305.0,2011.0,343,201,136,820.0,0.42
115,1306.0,2011.0,727,381,277,1265.0,0.57
116,1307.0,2011.0,884,664,387,1217.0,0.73
117,1308.0,2011.0,683,437,280,1126.0,0.61
118,1309.0,2011.0,795,329,281,1179.0,0.67
119,1310.0,2011.0,1859,933,698,1606.0,1.16
120,1401.0,2011.0,794,366,290,2010.0,0.4
121,1402.0,2011.0,918,358,319,2130.0,0.43
122,1403.0,2011.0,482,166,162,1154.0,0.42
123,1404.0,2011.0,478,190,167,1247.0,0.38
124,1405.0,2011.0,369,119,122,949.0,0.39
125,1406.0,2011.0,382,130,128,927.0,0.41
126,1407.0,2011.0,330,182,128,1118.0,0.3
127,1408.0,2011.0,572,160,183,969.0,0.59
128,1409.0,2011.0,335,165,125,1136.0,0.29
129,1410.0,2011.0,486,210,174,1161.0,0.42
130,1411.0,2011.0,365,111,119,858.0,0.43
131,1412.0,2011.0,239,117,89,645.0,0.37
132,1413.0,2011.0,380,172,138,941.0,0.4
133,1414.0,2011.0,493,207,175,1051.0,0.47
134,1501.0,2011.0,551,253,201,1338.0,0.41
135,1502.0,2011.0,239,145,96,889.0,0.27
136,1503.0,2011.0,241,115,89,583.0,0.41
137,1504.0,2011.0,703,445,287,1662.0,0.42
138,1505.0,2011.0,351,189,135,1089.0,0.32
139,1506.0,2011.0,499,309,202,701.0,0.71
140,1507.0,2011.0,381,163,136,909.0,0.42
141,1508.0,2011.0,400,248,162,856.0,0.47
142,1509.0,2011.0,549,255,201,895.0,0.61
143,1601.0,2011.0,675,265,235,1011.0,0.67
144,1602.0,2011.0,521,295,204,728.0,0.72
145,1603.0,2011.0,756,336,273,1339.0,0.56
146,1604.0,2011.0,732,320,263,1174.0,0.62
147,1605.0,2011.0,1072,460,383,1332.0,0.8
148,1606.0,2011.0,930,478,352,1620.0,0.57
149,1607.0,2011.0,1377,615,498,1181.0,1.17
150,1608.0,2011.0,1393,663,514,1271.0,1.1
151,1609.0,2011.0,1782,998,695,1364.0,1.31
152,1610.0,2011.0,1187,601,447,1187.0,1.0
153,1611.0,2011.0,1581,523,526,1278.0,1.24
154,1612.0,2011.0,1979,1057,759,1239.0,1.6
155,1701.0,2011.0,375,161,134,1047.0,0.36
156,1702.0,2011.0,319,157,119,732.0,0.44
157,1703.0,2011.0,798,318,279,1551.0,0.51
158,1704.0,2011.0,1140,532,418,1706.0,0.67
159,1705.0,2011.0,249,99,87,736.0,0.34
160,1706.0,2011.0,549,279,207,1196.0,0.46
161,1707.0,2011.0,289,123,103,642.0,0.45
162,1708.0,2011.0,493,223,179,1018.0,0.48
163,1709.0,2011.0,661,275,234,830.0,0.8
164,1710.0,2011.0,679,189,217,1432.0,0.47
165,1711.0,2011.0,267,121,97,513.0,0.52
166,1712.0,2011.0,573,247,205,860.0,0.67
167,1713.0,2011.0,1395,453,462,1409.0,0.99
168,1714.0,2011.0,813,251,266,988.0,0.82
169,1801.0,2011.0,822,314,284,1831.0,0.45
170,1802.0,2011.0,659,121,195,1284.0,0.51
171,1803.0,2011.0,870,194,266,1538.0,0.57
172,1804.0,2011.0,656,216,218,1476.0,0.44
173,1805.0,2011.0,851,337,297,1521.0,0.56
174,1806.0,2011.0,907,237,286,1707.0,0.53
175,1807.0,2011.0,672,200,218,1305.0,0.51
176,1808.0,2011.0,1182,386,392,2414.0,0.49
177,1809.0,2011.0,881,323,301,1341.0,0.66
178,1810.0,2011.0,1234,450,421,1938.0,0.64
179,1811.0,2011.0,555,173,182,1247.0,0.45
180,1812.0,2011.0,857,339,299,1396.0,0.61
181,1813.0,2011.0,351,157,127,837.0,0.42
182,1814.0,2011.0,357,111,117,882.0,0.4
183,1815.0,2011.0,611,185,199,1255.0,0.49
184,1816.0,2011.0,1289,591,470,1464.0,0.88
185,1817.0,2011.0,825,295,280,1387.0,0.59
186,1818.0,2011.0,1104,452,389,1748.0,0.63
187,1819.0,2011.0,1178,374,388,2106.0,0.56
188,1820.0,2011.0,1285,523,452,1850.0,0.69
189,1821.0,2011.0,966,294,315,1810.0,0.53
190,1822.0,2011.0,1120,364,371,1528.0,0.73
191,1823.0,2011.0,470,154,156,983.0,0.48
192,1901.0,2011.0,757,223,245,1308.0,0.58
193,1902.0,2011.0,1525,567,523,1552.0,0.98
194,1903.0,2011.0,775,221,249,1082.0,0.72
195,1904.0,2011.0,960,348,327,1505.0,0.64
196,1905.0,2011.0,892,332,306,1334.0,0.67
197,1906.0,2011.0,1227,373,400,1651.0,0.74
198,1907.0,2011.0,1047,345,348,1623.0,0.65
199,1908.0,2011.0,693,223,229,858.0,0.81
200,1909.0,2011.0,537,135,168,803.0,0.67
201,1910.0,2011.0,1022,390,353,1524.0,0.67
202,1911.0,2011.0,372,200,143,1140.0,0.33
203,1912.0,2011.0,910,294,301,957.0,0.95
204,1913.0,2011.0,538,182,180,1047.0,0.51
205,2001.0,2011.0,990,358,337,1366.0,0.72
206,2002.0,2011.0,1154,386,385,1583.0,0.73
207,2003.0,2011.0,935,413,337,1646.0,0.57
208,2004.0,2011.0,983,301,321,1220.0,0.81
209,2005.0,2011.0,1218,478,424,1544.0,0.79
210,2006.0,2011.0,1568,564,533,1614.0,0.97
211,2007.0,2011.0,897,299,299,1003.0,0.89
212,2008.0,2011.0,732,264,249,1055.0,0.69
213,2009.0,2011.0,801,275,269,1206.0,0.66
214,2010.0,2011.0,1554,522,519,1768.0,0.88
215,2011.0,2011.0,717,255,243,767.0,0.93
216,2012.0,2011.0,1005,383,347,989.0,1.02
217,2013.0,2011.0,712,272,246,912.0,0.78
218,2014.0,2011.0,956,412,342,936.0,1.02
219,2015.0,2011.0,988,388,344,1723.0,0.57
220,2016.0,2011.0,1388,476,466,1696.0,0.82
221,2017.0,2011.0,1350,546,474,1777.0,0.76
222,2018.0,2011.0,945,391,334,924.0,1.02
223,2019.0,2011.0,954,338,323,972.0,0.98
224,2020.0,2011.0,1092,404,374,1582.0,0.69
225,2101.0,2011.0,253,71,81,1712.0,0.15
226,2102.0,2011.0,34,10,11,1161.0,0.03
227,2103.0,2011.0,116,32,37,1201.0,0.1
228,2104.0,2011.0,90,42,33,1010.0,0.09
229,2105.0,2011.0,179,29,52,1327.0,0.13
230,2106.0,2011.0,328,112,110,1054.0,0.31
231,2107.0,2011.0,224,72,74,1337.0,0.17
232,2108.0,2011.0,159,37,49,1619.0,0.1
233,2109.0,2011.0,298,58,89,1754.0,0.17
234,2110.0,2011.0,332,140,118,1243.0,0.27
235,2111.0,2011.0,284,88,93,1564.0,0.18
236,2112.0,2011.0,757,143,225,1615.0,0.47
237,2113.0,2011.0,1419,257,419,2014.0,0.7
238,2114.0,2011.0,91,21,28,884.0,0.1
239,2115.0,2011.0,124,28,38,1151.0,0.11
240,2116.0,2011.0,511,105,154,1591.0,0.32
241,2201.0,2011.0,598,182,195,1904.0,0.31
242,2202.0,2011.0,491,189,170,1869.0,0.26
243,2203.0,2011.0,458,186,161,1547.0,0.3
244,2204.0,2011.0,552,164,179,1067.0,0.52
245,2205.0,2011.0,243,109,88,866.0,0.28
246,2206.0,2011.0,233,59,73,917.0,0.25
247,2207.0,2011.0,532,164,174,1365.0,0.39
248,2208.0,2011.0,430,162,148,1265.0,0.34
249,2209.0,2011.0,386,118,126,1302.0,0.3
250,2210.0,2011.0,645,179,206,1504.0,0.43
251,2211.0,2011.0,379,133,128,1005.0,0.38
252,2212.0,2011.0,427,233,165,1064.0,0.4
253,2213.0,2011.0,372,156,132,833.0,0.45
254,101.0,2013.0,1348,1224,643,1236.0,1.09
255,102.0,2013.0,808,920,432,952.0,0.85
256,103.0,2013.0,1801,1655,864,1965.0,0.92
257,104.0,2013.0,499,657,289,655.0,0.76
258,105.0,2013.0,963,865,457,1074.0,0.9
259,106.0,2013.0,775,877,413,915.0,0.85
260,107.0,2013.0,901,935,459,1109.0,0.81
261,108.0,2013.0,1199,1277,619,1618.0,0.74
262,109.0,2013.0,781,843,406,945.0,0.83
263,110.0,2013.0,465,523,247,645.0,0.72
264,111.0,2013.0,1446,1618,766,1345.0,1.08
265,112.0,2013.0,1565,1571,784,1305.0,1.2
266,113.0,2013.0,1702,1982,921,1790.0,0.95
267,114.0,2013.0,938,1094,508,970.0,0.97
268,115.0,2013.0,11,29,10,148.0,0.07
269,201.0,2013.0,2083,1609,923,1943.0,1.07
270,202.0,2013.0,2136,1656,948,2757.0,0.77
271,203.0,2013.0,1864,1180,761,1550.0,1.2
272,204.0,2013.0,1364,1036,600,1478.0,0.92
273,205.0,2013.0,1717,1199,729,1603.0,1.07
274,206.0,2013.0,2232,1808,1010,1989.0,1.12
275,207.0,2013.0,1384,960,586,1348.0,1.03
276,301.0,2013.0,3126,2330,1364,3387.0,0.92
277,302.0,2013.0,1247,949,549,1587.0,0.79
278,303.0,2013.0,1005,883,472,1549.0,0.65
279,304.0,2013.0,1156,1128,571,1643.0,0.7
280,305.0,2013.0,2305,1399,926,2761.0,0.83
281,306.0,2013.0,2629,1795,1106,3957.0,0.66
282,307.0,2013.0,3433,2159,1398,3800.0,0.9
283,308.0,2013.0,2464,2872,1334,4290.0,0.57
284,401.0,2013.0,2049,1203,813,1892.0,1.08
285,402.0,2013.0,2142,1722,966,2897.0,0.74
286,403.0,2013.0,1357,803,540,1270.0,1.07
287,404.0,2013.0,1894,890,696,1929.0,0.98
288,405.0,2013.0,1113,807,480,1594.0,0.7
289,406.0,2013.0,875,685,390,1339.0,0.65
290,407.0,2013.0,841,487,332,1474.0,0.57
291,408.0,2013.0,731,465,299,1529.0,0.48
292,409.0,2013.0,284,344,157,1194.0,0.24
293,410.0,2013.0,203,105,77,840.0,0.24
294,501.0,2013.0,3488,3000,1622,4416.0,0.79
295,502.0,2013.0,557,423,245,1307.0,0.43
296,503.0,2013.0,1741,1127,717,1703.0,1.02
297,504.0,2013.0,1488,1260,687,2219.0,0.67
298,505.0,2013.0,747,561,327,660.0,1.13
299,506.0,2013.0,1468,1052,630,1753.0,0.84
300,507.0,2013.0,1731,1281,753,2185.0,0.79
301,508.0,2013.0,1699,933,658,1974.0,0.86
302,509.0,2013.0,1713,1151,716,2854.0,0.6
303,510.0,2013.0,949,735,421,2180.0,0.44
304,511.0,2013.0,1203,861,516,1200.0,1.0
305,601.0,2013.0,2563,1949,1128,3411.0,0.75
306,602.0,2013.0,993,779,443,1206.0,0.82
307,603.0,2013.0,1430,942,593,1617.0,0.88
308,604.0,2013.0,1519,1025,636,1667.0,0.91
309,605.0,2013.0,1416,1228,661,1537.0,0.92
310,606.0,2013.0,1819,1381,800,1491.0,1.22
311,607.0,2013.0,1501,1219,680,1469.0,1.02
312,608.0,2013.0,1616,1192,702,1494.0,1.08
313,609.0,2013.0,1552,1376,732,1450.0,1.07
314,701.0,2013.0,1478,1138,654,1273.0,1.16
315,702.0,2013.0,1758,1254,753,1704.0,1.03
316,703.0,2013.0,2112,1624,934,1968.0,1.07
317,704.0,2013.0,1607,1185,698,1708.0,0.94
318,705.0,2013.0,1129,839,492,1363.0,0.83
319,706.0,2013.0,921,699,405,1217.0,0.76
320,707.0,2013.0,887,721,402,1114.0,0.8
321,708.0,2013.0,1097,795,473,1064.0,1.03
322,709.0,2013.0,1089,703,448,1111.0,0.98
323,710.0,2013.0,851,817,417,1344.0,0.63
324,801.0,2013.0,637,803,360,1115.0,0.57
325,802.0,2013.0,1516,1072,647,2364.0,0.64
326,803.0,2013.0,656,636,323,1412.0,0.46
327,804.0,2013.0,404,416,205,700.0,0.58
328,805.0,2013.0,839,993,458,1320.0,0.64
329,806.0,2013.0,354,274,157,444.0,0.8
330,807.0,2013.0,577,579,289,943.0,0.61
331,901.0,2013.0,1337,1271,652,1813.0,0.74
332,902.0,2013.0,1653,1171,706,2041.0,0.81
333,903.0,2013.0,1813,1591,851,2962.0,0.61
334,904.0,2013.0,757,903,415,2174.0,0.35
335,905.0,2013.0,1590,1270,715,1992.0,0.8
336,1001.0,2013.0,678,586,316,846.0,0.8
337,1002.0,2013.0,800,360,290,1061.0,0.75
338,1003.0,2013.0,567,365,233,1005.0,0.56
339,1004.0,2013.0,1180,1148,582,1667.0,0.71
340,1005.0,2013.0,888,516,351,1229.0,0.72
341,1006.0,2013.0,743,633,344,1199.0,0.62
342,1007.0,2013.0,850,1014,466,1751.0,0.49
343,1008.0,2013.0,1359,853,553,1703.0,0.8
344,1009.0,2013.0,1891,1069,740,1950.0,0.97
345,1101.0,2013.0,757,523,320,838.0,0.9
346,1102.0,2013.0,1130,994,531,1401.0,0.81
347,1103.0,2013.0,780,724,376,1128.0,0.69
348,1104.0,2013.0,1401,1203,651,1849.0,0.76
349,1105.0,2013.0,1091,1001,523,1424.0,0.77
350,1106.0,2013.0,1159,757,479,1127.0,1.03
351,1107.0,2013.0,1743,993,684,1584.0,1.1
352,1108.0,2013.0,1629,807,609,1550.0,1.05
353,1109.0,2013.0,1274,650,481,936.0,1.36
354,1110.0,2013.0,1400,788,547,1374.0,1.02
355,1201.0,2013.0,1370,862,558,1602.0,0.86
356,1202.0,2013.0,1497,1535,758,2126.0,0.7
357,1203.0,2013.0,790,782,393,1039.0,0.76
358,1204.0,2013.0,748,640,347,1082.0,0.69
359,1205.0,2013.0,554,666,305,784.0,0.71
360,1206.0,2013.0,636,612,312,817.0,0.78
361,1207.0,2013.0,1515,1689,801,2455.0,0.62
362,1208.0,2013.0,460,484,236,780.0,0.59
363,1209.0,2013.0,845,623,367,953.0,0.89
364,1301.0,2013.0,1236,680,479,1357.0,0.91
365,1302.0,2013.0,407,269,169,607.0,0.67
366,1303.0,2013.0,625,639,316,1347.0,0.46
367,1304.0,2013.0,625,551,294,1005.0,0.62
368,1305.0,2013.0,608,736,336,889.0,0.68
369,1306.0,2013.0,1270,966,559,1396.0,0.91
370,1307.0,2013.0,1477,907,596,1382.0,1.07
371,1308.0,2013.0,1236,800,509,1199.0,1.03
372,1309.0,2013.0,1455,897,588,1304.0,1.12
373,1310.0,2013.0,2676,1244,980,1650.0,1.62
374,1401.0,2013.0,1282,1190,618,2329.0,0.55
375,1402.0,2013.0,1349,1463,703,2391.0,0.56
376,1403.0,2013.0,780,580,340,1228.0,0.64
377,1404.0,2013.0,813,767,395,1404.0,0.58
378,1405.0,2013.0,662,670,333,1063.0,0.62
379,1406.0,2013.0,674,622,324,1018.0,0.66
380,1407.0,2013.0,702,658,340,1186.0,0.59
381,1408.0,2013.0,848,888,434,1091.0,0.78
382,1409.0,2013.0,577,739,329,1333.0,0.43
383,1410.0,2013.0,819,837,414,1264.0,0.65
384,1411.0,2013.0,566,550,279,970.0,0.58
385,1412.0,2013.0,444,556,250,722.0,0.61
386,1413.0,2013.0,644,668,328,988.0,0.65
387,1414.0,2013.0,698,934,408,1138.0,0.61
388,1501.0,2013.0,788,892,420,1525.0,0.52
389,1502.0,2013.0,598,670,317,1013.0,0.59
390,1503.0,2013.0,436,380,204,651.0,0.67
391,1504.0,2013.0,1247,1169,604,1853.0,0.67
392,1505.0,2013.0,661,763,356,1208.0,0.55
393,1506.0,2013.0,750,574,331,766.0,0.98
394,1507.0,2013.0,709,587,324,1009.0,0.7
395,1508.0,2013.0,746,546,323,984.0,0.76
396,1509.0,2013.0,988,652,410,1080.0,0.91
397,1601.0,2013.0,935,581,379,1096.0,0.85
398,1602.0,2013.0,931,653,396,796.0,1.17
399,1603.0,2013.0,1193,847,510,1366.0,0.87
400,1604.0,2013.0,1194,814,502,1259.0,0.95
401,1605.0,2013.0,1595,1001,649,1389.0,1.15
402,1606.0,2013.0,1635,1161,699,1779.0,0.92
403,1607.0,2013.0,1969,1063,758,1226.0,1.61
404,1608.0,2013.0,1981,1099,770,1347.0,1.47
405,1609.0,2013.0,2594,1246,960,1432.0,1.81
406,1610.0,2013.0,1807,961,692,1280.0,1.41
407,1611.0,2013.0,2239,1021,815,1388.0,1.61
408,1612.0,2013.0,2526,1138,916,1241.0,2.04
409,1701.0,2013.0,711,701,353,1159.0,0.61
410,1702.0,2013.0,564,540,276,793.0,0.71
411,1703.0,2013.0,1507,1093,650,1743.0,0.86
412,1704.0,2013.0,1914,1390,826,1803.0,1.06
413,1705.0,2013.0,417,495,228,874.0,0.48
414,1706.0,2013.0,1060,824,471,1265.0,0.84
415,1707.0,2013.0,429,443,218,668.0,0.64
416,1708.0,2013.0,884,744,407,1100.0,0.8
417,1709.0,2013.0,1087,693,445,900.0,1.21
418,1710.0,2013.0,1047,1037,521,1577.0,0.66
419,1711.0,2013.0,466,342,202,569.0,0.82
420,1712.0,2013.0,1126,562,422,895.0,1.26
421,1713.0,2013.0,1978,974,738,1531.0,1.29
422,1714.0,2013.0,1205,695,475,1077.0,1.12
423,1801.0,2013.0,1681,1143,706,1970.0,0.85
424,1802.0,2013.0,1152,1096,562,1417.0,0.81
425,1803.0,2013.0,1383,1173,639,1645.0,0.84
426,1804.0,2013.0,1186,1190,594,1605.0,0.74
427,1805.0,2013.0,1379,1485,716,1665.0,0.83
428,1806.0,2013.0,2008,1208,804,1828.0,1.1
429,1807.0,2013.0,1246,1066,578,1406.0,0.89
430,1808.0,2013.0,2210,1758,992,2545.0,0.87
431,1809.0,2013.0,1671,1101,693,1444.0,1.16
432,1810.0,2013.0,2425,1459,971,2015.0,1.2
433,1811.0,2013.0,1149,883,508,1328.0,0.87
434,1812.0,2013.0,1736,1084,705,1466.0,1.18
435,1813.0,2013.0,715,625,335,905.0,0.79
436,1814.0,2013.0,769,679,362,946.0,0.81
437,1815.0,2013.0,1315,1017,583,1378.0,0.95
438,1816.0,2013.0,2517,1191,927,1556.0,1.62
439,1817.0,2013.0,1623,1297,730,1499.0,1.08
440,1818.0,2013.0,1829,1503,833,1894.0,0.97
441,1819.0,2013.0,2232,1524,939,2263.0,0.99
442,1820.0,2013.0,2742,1542,1071,1989.0,1.38
443,1821.0,2013.0,1591,1237,707,1858.0,0.86
444,1822.0,2013.0,2143,1277,855,1608.0,1.33
445,1823.0,2013.0,682,894,394,1078.0,0.63
446,1901.0,2013.0,1482,798,570,1362.0,1.09
447,1902.0,2013.0,2583,1237,955,1549.0,1.67
448,1903.0,2013.0,1537,703,560,1080.0,1.42
449,1904.0,2013.0,1893,1127,755,1546.0,1.22
450,1905.0,2013.0,1734,906,660,1344.0,1.29
451,1906.0,2013.0,2413,1191,901,1722.0,1.4
452,1907.0,2013.0,2116,1012,782,1738.0,1.22
453,1908.0,2013.0,1271,585,464,851.0,1.49
454,1909.0,2013.0,1161,511,418,840.0,1.38
455,1910.0,2013.0,1987,1217,801,1626.0,1.22
456,1911.0,2013.0,815,893,427,1349.0,0.6
457,1912.0,2013.0,1529,739,567,1073.0,1.42
458,1913.0,2013.0,1125,731,464,1114.0,1.01
459,2001.0,2013.0,2066,1054,780,1465.0,1.41
460,2002.0,2013.0,2147,1105,813,1708.0,1.26
461,2003.0,2013.0,1796,1364,790,1751.0,1.03
462,2004.0,2013.0,1926,866,698,1245.0,1.55
463,2005.0,2013.0,2364,1268,908,1626.0,1.45
464,2006.0,2013.0,2817,1223,1010,1668.0,1.69
465,2007.0,2013.0,1630,742,593,993.0,1.64
466,2008.0,2013.0,1572,796,592,1124.0,1.4
467,2009.0,2013.0,1635,917,638,1256.0,1.3
468,2010.0,2013.0,2913,1315,1057,1849.0,1.58
469,2011.0,2013.0,1305,631,484,774.0,1.69
470,2012.0,2013.0,1910,842,688,1022.0,1.87
471,2013.0,2013.0,1670,790,615,948.0,1.76
472,2014.0,2013.0,1877,723,650,958.0,1.96
473,2015.0,2013.0,2288,1420,927,1875.0,1.22
474,2016.0,2013.0,2766,1430,1049,1805.0,1.53
475,2017.0,2013.0,3068,1564,1158,1881.0,1.63
476,2018.0,2013.0,1554,714,567,969.0,1.6
477,2019.0,2013.0,1762,802,641,973.0,1.81
478,2020.0,2013.0,2297,1023,830,1682.0,1.37
479,2101.0,2013.0,693,475,292,1758.0,0.39
480,2102.0,2013.0,123,109,58,1357.0,0.09
481,2103.0,2013.0,307,245,138,1308.0,0.23
482,2104.0,2013.0,289,211,125,1038.0,0.28
483,2105.0,2013.0,522,290,203,1464.0,0.36
484,2106.0,2013.0,865,371,309,1101.0,0.79
485,2107.0,2013.0,731,325,264,1466.0,0.5
486,2108.0,2013.0,546,418,241,1692.0,0.32
487,2109.0,2013.0,745,535,320,1850.0,0.4
488,2110.0,2013.0,713,467,295,1335.0,0.53
489,2111.0,2013.0,799,545,336,1684.0,0.47
490,2112.0,2013.0,1035,661,424,1602.0,0.65
491,2113.0,2013.0,1998,950,737,2067.0,0.97
492,2114.0,2013.0,423,249,168,927.0,0.46
493,2115.0,2013.0,546,322,217,1196.0,0.46
494,2116.0,2013.0,1217,651,467,1637.0,0.74
495,2201.0,2013.0,1090,722,453,1880.0,0.58
496,2202.0,2013.0,1216,892,527,2008.0,0.61
497,2203.0,2013.0,1131,757,472,1615.0,0.7
498,2204.0,2013.0,1021,583,401,1100.0,0.93
499,2205.0,2013.0,587,489,269,948.0,0.62
500,2206.0,2013.0,572,416,247,972.0,0.59
501,2207.0,2013.0,1102,726,457,1422.0,0.77
502,2208.0,2013.0,989,643,408,1279.0,0.77
503,2209.0,2013.0,798,566,341,1283.0,0.62
504,2210.0,2013.0,1420,756,544,1532.0,0.93
505,2211.0,2013.0,883,561,361,1065.0,0.83
506,2212.0,2013.0,895,585,370,1144.0,0.78
507,2213.0,2013.0,781,479,315,852.0,0.92
508,101.0,2015.0,479,217,174,1286.0,0.37
509,102.0,2015.0,249,179,107,949.0,0.26
510,103.0,2015.0,731,385,279,2074.0,0.35
511,104.0,2015.0,120,120,60,669.0,0.18
512,105.0,2015.0,229,119,87,1119.0,0.2
513,106.0,2015.0,260,132,98,973.0,0.27
514,107.0,2015.0,265,127,98,1118.0,0.24
515,108.0,2015.0,453,259,178,1653.0,0.27
516,109.0,2015.0,206,178,96,965.0,0.21
517,110.0,2015.0,138,78,54,697.0,0.2
518,111.0,2015.0,471,381,213,1353.0,0.35
519,112.0,2015.0,463,305,192,1299.0,0.36
520,113.0,2015.0,421,283,176,1845.0,0.23
521,114.0,2015.0,164,164,82,986.0,0.17
522,115.0,2015.0,1,3,1,95.0,0.01
523,201.0,2015.0,791,469,315,2030.0,0.39
524,202.0,2015.0,677,359,259,2760.0,0.25
525,203.0,2015.0,587,265,213,1484.0,0.4
526,204.0,2015.0,415,261,169,1457.0,0.28
527,205.0,2015.0,460,188,162,1551.0,0.3
528,206.0,2015.0,760,360,280,1992.0,0.38
529,207.0,2015.0,489,251,185,1338.0,0.37
530,301.0,2015.0,1244,504,437,3176.0,0.39
531,302.0,2015.0,288,168,114,1526.0,0.19
532,303.0,2015.0,297,155,113,1437.0,0.21
533,304.0,2015.0,370,242,153,1682.0,0.22
534,305.0,2015.0,916,428,336,2605.0,0.35
535,306.0,2015.0,854,282,284,3870.0,0.22
536,307.0,2015.0,930,346,319,3722.0,0.25
537,308.0,2015.0,1467,661,532,4577.0,0.32
538,401.0,2015.0,779,361,285,1847.0,0.42
539,402.0,2015.0,728,332,265,2857.0,0.25
540,403.0,2015.0,489,219,177,1208.0,0.4
541,404.0,2015.0,675,237,228,1905.0,0.35
542,405.0,2015.0,465,195,165,1530.0,0.3
543,406.0,2015.0,376,180,139,1212.0,0.31
544,407.0,2015.0,303,105,102,1373.0,0.22
545,408.0,2015.0,319,185,126,1530.0,0.21
546,409.0,2015.0,107,65,43,1158.0,0.09
547,410.0,2015.0,45,7,13,756.0,0.06
548,501.0,2015.0,1411,577,497,4342.0,0.32
549,502.0,2015.0,200,68,67,1241.0,0.16
550,503.0,2015.0,533,199,183,1653.0,0.32
551,504.0,2015.0,451,169,155,2060.0,0.22
552,505.0,2015.0,312,92,101,632.0,0.49
553,506.0,2015.0,376,148,131,1756.0,0.21
554,507.0,2015.0,435,173,152,2108.0,0.21
555,508.0,2015.0,321,155,119,1878.0,0.17
556,509.0,2015.0,358,102,115,2704.0,0.13
557,510.0,2015.0,333,103,109,1886.0,0.18
558,511.0,2015.0,459,157,154,1090.0,0.42
559,601.0,2015.0,924,436,340,4012.0,0.23
560,602.0,2015.0,399,237,159,1207.0,0.33
561,603.0,2015.0,453,251,176,1648.0,0.27
562,604.0,2015.0,583,329,228,1681.0,0.35
563,605.0,2015.0,540,332,218,1549.0,0.35
564,606.0,2015.0,809,559,342,1523.0,0.53
565,607.0,2015.0,714,514,307,1477.0,0.48
566,608.0,2015.0,712,544,314,1415.0,0.5
567,609.0,2015.0,646,710,339,1379.0,0.47
568,701.0,2015.0,756,600,339,1257.0,0.6
569,702.0,2015.0,728,504,308,1665.0,0.44
570,703.0,2015.0,876,668,386,1924.0,0.46
571,704.0,2015.0,636,484,280,1722.0,0.37
572,705.0,2015.0,404,272,169,1339.0,0.3
573,706.0,2015.0,360,204,141,1244.0,0.29
574,707.0,2015.0,476,212,172,1165.0,0.41
575,708.0,2015.0,435,301,184,1074.0,0.41
576,709.0,2015.0,391,257,162,1101.0,0.36
577,710.0,2015.0,298,158,114,1355.0,0.22
578,801.0,2015.0,329,159,122,1133.0,0.29
579,802.0,2015.0,568,204,193,2432.0,0.23
580,803.0,2015.0,272,216,122,1472.0,0.18
581,804.0,2015.0,134,98,58,686.0,0.2
582,805.0,2015.0,369,195,141,1309.0,0.28
583,806.0,2015.0,86,62,37,455.0,0.19
584,807.0,2015.0,225,191,104,932.0,0.24
585,901.0,2015.0,535,309,211,1813.0,0.3
586,902.0,2015.0,582,242,206,1946.0,0.3
587,903.0,2015.0,888,480,342,2965.0,0.3
588,904.0,2015.0,348,288,159,2191.0,0.16
589,905.0,2015.0,765,531,324,1991.0,0.38
590,1001.0,2015.0,263,153,104,824.0,0.32
591,1002.0,2015.0,192,100,73,1064.0,0.18
592,1003.0,2015.0,181,71,63,984.0,0.18
593,1004.0,2015.0,543,265,202,1684.0,0.32
594,1005.0,2015.0,290,98,97,1193.0,0.24
595,1006.0,2015.0,264,132,99,1202.0,0.22
596,1007.0,2015.0,246,122,92,1810.0,0.14
597,1008.0,2015.0,735,297,258,1674.0,0.44
598,1009.0,2015.0,563,197,190,1960.0,0.29
599,1101.0,2015.0,321,211,133,864.0,0.37
600,1102.0,2015.0,525,435,240,1476.0,0.36
601,1103.0,2015.0,434,134,142,1183.0,0.37
602,1104.0,2015.0,544,252,199,1899.0,0.29
603,1105.0,2015.0,577,247,206,1440.0,0.4
604,1106.0,2015.0,400,196,149,1179.0,0.34
605,1107.0,2015.0,687,241,232,1566.0,0.44
606,1108.0,2015.0,635,221,214,1523.0,0.42
607,1109.0,2015.0,550,218,192,938.0,0.59
608,1110.0,2015.0,555,193,187,1346.0,0.41
609,1201.0,2015.0,627,397,256,1631.0,0.38
610,1202.0,2015.0,682,550,308,2159.0,0.32
611,1203.0,2015.0,322,310,158,1062.0,0.3
612,1204.0,2015.0,309,295,151,1127.0,0.27
613,1205.0,2015.0,316,312,157,780.0,0.41
614,1206.0,2015.0,318,250,142,855.0,0.37
615,1207.0,2015.0,737,599,334,2490.0,0.3
616,1208.0,2015.0,176,184,90,836.0,0.21
617,1209.0,2015.0,438,250,172,968.0,0.45
618,1301.0,2015.0,479,173,163,1433.0,0.33
619,1302.0,2015.0,132,68,50,627.0,0.21
620,1303.0,2015.0,289,139,107,1248.0,0.23
621,1304.0,2015.0,267,169,109,1049.0,0.25
622,1305.0,2015.0,227,145,93,956.0,0.24
623,1306.0,2015.0,527,241,192,1412.0,0.37
624,1307.0,2015.0,683,353,259,1431.0,0.48
625,1308.0,2015.0,466,230,174,1222.0,0.38
626,1309.0,2015.0,419,237,164,1298.0,0.32
627,1310.0,2015.0,1218,598,454,1666.0,0.73
628,1401.0,2015.0,567,485,263,2469.0,0.23
629,1402.0,2015.0,686,734,355,2489.0,0.28
630,1403.0,2015.0,366,230,149,1273.0,0.29
631,1404.0,2015.0,402,302,176,1487.0,0.27
632,1405.0,2015.0,341,271,153,1092.0,0.31
633,1406.0,2015.0,320,256,144,1060.0,0.3
634,1407.0,2015.0,298,258,139,1180.0,0.25
635,1408.0,2015.0,539,469,252,1104.0,0.49
636,1409.0,2015.0,276,304,145,1410.0,0.2
637,1410.0,2015.0,382,350,183,1304.0,0.29
638,1411.0,2015.0,305,283,147,1010.0,0.3
639,1412.0,2015.0,236,212,112,736.0,0.32
640,1413.0,2015.0,352,388,185,1038.0,0.34
641,1414.0,2015.0,319,245,141,1166.0,0.27
642,1501.0,2015.0,344,160,126,1515.0,0.23
643,1502.0,2015.0,225,195,105,1022.0,0.22
644,1503.0,2015.0,116,56,43,690.0,0.17
645,1504.0,2015.0,419,229,162,1893.0,0.22
646,1505.0,2015.0,304,280,146,1254.0,0.24
647,1506.0,2015.0,344,228,143,750.0,0.46
648,1507.0,2015.0,278,142,105,1084.0,0.26
649,1508.0,2015.0,288,156,111,1000.0,0.29
650,1509.0,2015.0,388,180,142,1068.0,0.36
651,1601.0,2015.0,503,325,207,1149.0,0.44
652,1602.0,2015.0,426,230,164,846.0,0.5
653,1603.0,2015.0,632,400,258,1434.0,0.44
654,1604.0,2015.0,490,282,193,1297.0,0.38
655,1605.0,2015.0,610,218,207,1397.0,0.44
656,1606.0,2015.0,612,336,237,1820.0,0.34
657,1607.0,2015.0,783,421,301,1252.0,0.63
658,1608.0,2015.0,884,448,333,1352.0,0.65
659,1609.0,2015.0,1011,669,420,1487.0,0.68
660,1610.0,2015.0,602,350,238,1309.0,0.46
661,1611.0,2015.0,820,368,297,1409.0,0.58
662,1612.0,2015.0,1207,749,489,1244.0,0.97
663,1701.0,2015.0,358,306,166,1188.0,0.3
664,1702.0,2015.0,298,266,141,804.0,0.37
665,1703.0,2015.0,891,649,385,1783.0,0.5
666,1704.0,2015.0,1125,811,484,1813.0,0.62
667,1705.0,2015.0,280,172,113,888.0,0.32
668,1706.0,2015.0,692,496,297,1325.0,0.52
669,1707.0,2015.0,201,211,103,698.0,0.29
670,1708.0,2015.0,598,174,193,1146.0,0.52
671,1709.0,2015.0,726,462,297,871.0,0.83
672,1710.0,2015.0,496,472,242,1638.0,0.3
673,1711.0,2015.0,242,174,104,616.0,0.39
674,1712.0,2015.0,536,440,244,899.0,0.6
675,1713.0,2015.0,662,310,243,1249.0,0.53
676,1714.0,2015.0,966,586,388,1356.0,0.71
677,1801.0,2015.0,1061,627,422,2016.0,0.53
678,1802.0,2015.0,507,329,209,1453.0,0.35
679,1803.0,2015.0,657,319,244,1676.0,0.39
680,1804.0,2015.0,584,484,267,1679.0,0.35
681,1805.0,2015.0,581,619,300,1699.0,0.34
682,1806.0,2015.0,718,470,297,1854.0,0.39
683,1807.0,2015.0,677,467,286,1446.0,0.47
684,1808.0,2015.0,891,417,327,2565.0,0.35
685,1809.0,2015.0,714,346,265,1447.0,0.49
686,1810.0,2015.0,1009,495,376,2063.0,0.49
687,1811.0,2015.0,446,286,183,1387.0,0.32
688,1812.0,2015.0,705,463,292,1502.0,0.47
689,1813.0,2015.0,280,200,120,919.0,0.3
690,1814.0,2015.0,237,207,111,1002.0,0.24
691,1815.0,2015.0,577,423,250,1374.0,0.42
692,1816.0,2015.0,1117,655,443,1574.0,0.71
693,1817.0,2015.0,647,441,272,1505.0,0.43
694,1818.0,2015.0,766,626,348,1922.0,0.4
695,1819.0,2015.0,886,510,349,2404.0,0.37
696,1820.0,2015.0,1378,718,524,2015.0,0.68
697,1821.0,2015.0,702,462,291,1933.0,0.36
698,1822.0,2015.0,911,477,347,1594.0,0.57
699,1823.0,2015.0,366,338,176,1152.0,0.32
700,1901.0,2015.0,601,215,204,1324.0,0.45
701,1902.0,2015.0,1013,455,367,1508.0,0.67
702,1903.0,2015.0,540,168,177,1044.0,0.52
703,1904.0,2015.0,773,259,258,1536.0,0.5
704,1905.0,2015.0,773,299,268,1315.0,0.59
705,1906.0,2015.0,1031,357,347,1712.0,0.6
706,1907.0,2015.0,774,274,262,1721.0,0.45
707,1908.0,2015.0,595,177,193,821.0,0.72
708,1909.0,2015.0,420,140,140,818.0,0.51
709,1910.0,2015.0,951,429,345,1643.0,0.58
710,1911.0,2015.0,310,242,138,1409.0,0.22
711,1912.0,2015.0,892,476,342,1103.0,0.81
712,1913.0,2015.0,432,208,160,1140.0,0.38
713,2001.0,2015.0,684,256,235,1484.0,0.46
714,2002.0,2015.0,996,368,341,1689.0,0.59
715,2003.0,2015.0,573,307,220,1802.0,0.32
716,2004.0,2015.0,830,310,285,1135.0,0.73
717,2005.0,2015.0,826,410,309,1597.0,0.52
718,2006.0,2015.0,1066,454,380,1647.0,0.65
719,2007.0,2015.0,597,251,212,1017.0,0.59
720,2008.0,2015.0,619,241,215,1161.0,0.53
721,2009.0,2015.0,720,280,250,1297.0,0.56
722,2010.0,2015.0,946,390,334,1873.0,0.51
723,2011.0,2015.0,509,227,184,795.0,0.64
724,2012.0,2015.0,631,305,234,999.0,0.63
725,2013.0,2015.0,493,283,194,980.0,0.5
726,2014.0,2015.0,677,323,250,931.0,0.73
727,2015.0,2015.0,626,306,233,1905.0,0.33
728,2016.0,2015.0,845,455,325,1828.0,0.46
729,2017.0,2015.0,909,371,320,1859.0,0.49
730,2018.0,2015.0,638,290,232,984.0,0.65
731,2019.0,2015.0,585,303,222,990.0,0.59
732,2020.0,2015.0,651,289,235,1702.0,0.38
733,2101.0,2015.0,218,78,74,1656.0,0.13
734,2102.0,2015.0,45,11,14,1002.0,0.04
735,2103.0,2015.0,87,29,29,1267.0,0.07
736,2104.0,2015.0,51,25,19,985.0,0.05
737,2105.0,2015.0,159,45,51,1396.0,0.11
738,2106.0,2015.0,432,140,143,1068.0,0.4
739,2107.0,2015.0,165,55,55,1459.0,0.11
740,2108.0,2015.0,171,41,53,1645.0,0.1
741,2109.0,2015.0,222,70,73,1791.0,0.12
742,2110.0,2015.0,218,94,78,1304.0,0.17
743,2111.0,2015.0,183,69,63,1664.0,0.11
744,2112.0,2015.0,395,201,149,1512.0,0.26
745,2113.0,2015.0,1018,246,316,1953.0,0.52
746,2114.0,2015.0,102,22,31,938.0,0.11
747,2115.0,2015.0,120,40,40,1132.0,0.11
748,2116.0,2015.0,371,113,121,1515.0,0.24
749,2201.0,2015.0,451,149,150,1766.0,0.26
750,2202.0,2015.0,422,202,156,2091.0,0.2
751,2203.0,2015.0,413,187,150,1628.0,0.25
752,2204.0,2015.0,357,143,125,1085.0,0.33
753,2205.0,2015.0,182,98,70,1082.0,0.17
754,2206.0,2015.0,169,63,58,983.0,0.17
755,2207.0,2015.0,444,184,157,1461.0,0.3
756,2208.0,2015.0,319,141,115,1263.0,0.25
757,2209.0,2015.0,250,122,93,1236.0,0.2
758,2210.0,2015.0,491,189,170,1500.0,0.33
759,2211.0,2015.0,319,141,115,1057.0,0.3
760,2212.0,2015.0,368,184,138,1166.0,0.32
761,2213.0,2015.0,269,151,105,845.0,0.32
762,101.0,2017.0,1204,776,495,1397.0,0.86
763,102.0,2017.0,601,591,298,1035.0,0.58
764,103.0,2017.0,1565,1279,711,2379.0,0.66
765,104.0,2017.0,467,453,230,798.0,0.59
766,105.0,2017.0,806,614,355,1255.0,0.64
767,106.0,2017.0,619,633,313,1171.0,0.53
768,107.0,2017.0,713,647,340,1218.0,0.59
769,108.0,2017.0,930,978,477,1708.0,0.54
770,109.0,2017.0,670,706,344,1093.0,0.61
771,110.0,2017.0,353,419,193,742.0,0.48
772,111.0,2017.0,1099,1165,566,1425.0,0.77
773,112.0,2017.0,1130,1038,542,1365.0,0.83
774,113.0,2017.0,1243,1305,637,1916.0,0.65
775,114.0,2017.0,651,669,330,960.0,0.68
776,115.0,2017.0,0,0,0,18.0,0.0
777,201.0,2017.0,1848,1328,794,2209.0,0.84
778,202.0,2017.0,2001,1499,875,2985.0,0.67
779,203.0,2017.0,1450,890,585,1470.0,0.99
780,204.0,2017.0,1188,1004,548,1498.0,0.79
781,205.0,2017.0,1456,900,589,1580.0,0.92
782,206.0,2017.0,1955,1485,860,2022.0,0.97
783,207.0,2017.0,1326,958,571,1567.0,0.85
784,301.0,2017.0,2479,1949,1107,3033.0,0.82
785,302.0,2017.0,1008,844,463,1625.0,0.62
786,303.0,2017.0,1062,950,503,1807.0,0.59
787,304.0,2017.0,1151,1093,561,1786.0,0.64
788,305.0,2017.0,1804,832,659,3073.0,0.59
789,306.0,2017.0,2075,857,733,4266.0,0.49
790,307.0,2017.0,3196,1700,1224,3810.0,0.84
791,308.0,2017.0,3038,2186,1306,5709.0,0.53
792,401.0,2017.0,1766,914,670,1784.0,0.99
793,402.0,2017.0,1742,1050,698,3015.0,0.58
794,403.0,2017.0,1164,536,425,1247.0,0.93
795,404.0,2017.0,1224,636,465,1797.0,0.68
796,405.0,2017.0,820,552,343,1520.0,0.54
797,406.0,2017.0,704,404,277,1327.0,0.53
798,407.0,2017.0,689,315,251,1357.0,0.51
799,408.0,2017.0,663,389,263,1437.0,0.46
800,409.0,2017.0,270,214,121,1115.0,0.24
801,410.0,2017.0,188,56,61,781.0,0.24
802,501.0,2017.0,3127,1937,1266,4518.0,0.69
803,502.0,2017.0,651,365,254,1456.0,0.45
804,503.0,2017.0,1000,412,353,1697.0,0.59
805,504.0,2017.0,1070,410,370,2186.0,0.49
806,505.0,2017.0,614,334,237,680.0,0.9
807,506.0,2017.0,944,512,364,1809.0,0.52
808,507.0,2017.0,1283,673,489,2122.0,0.6
809,508.0,2017.0,1045,595,410,1909.0,0.55
810,509.0,2017.0,1299,501,450,2663.0,0.49
811,510.0,2017.0,788,368,289,1967.0,0.4
812,511.0,2017.0,901,411,328,1167.0,0.77
813,601.0,2017.0,2541,1355,974,5112.0,0.5
814,602.0,2017.0,848,656,376,1458.0,0.58
815,603.0,2017.0,1013,615,407,1989.0,0.51
816,604.0,2017.0,1124,808,483,1923.0,0.58
817,605.0,2017.0,1085,735,455,1736.0,0.62
818,606.0,2017.0,1182,998,545,1604.0,0.74
819,607.0,2017.0,1054,922,494,1751.0,0.6
820,608.0,2017.0,1089,819,477,1565.0,0.7
821,609.0,2017.0,931,1049,495,1505.0,0.62
822,701.0,2017.0,1142,1006,537,1324.0,0.86
823,702.0,2017.0,1246,982,557,1737.0,0.72
824,703.0,2017.0,1446,1230,669,2002.0,0.72
825,704.0,2017.0,930,774,426,1748.0,0.53
826,705.0,2017.0,895,693,397,1594.0,0.56
827,706.0,2017.0,796,672,367,1419.0,0.56
828,707.0,2017.0,650,626,319,1223.0,0.53
829,708.0,2017.0,797,599,349,1177.0,0.68
830,709.0,2017.0,838,462,325,1182.0,0.71
831,710.0,2017.0,648,468,279,1361.0,0.48
832,801.0,2017.0,727,621,337,1268.0,0.57
833,802.0,2017.0,1413,815,557,2781.0,0.51
834,803.0,2017.0,546,490,259,1540.0,0.35
835,804.0,2017.0,370,410,195,695.0,0.53
836,805.0,2017.0,697,783,370,1298.0,0.54
837,806.0,2017.0,266,214,120,476.0,0.56
838,807.0,2017.0,478,434,228,977.0,0.49
839,901.0,2017.0,1274,1250,631,1894.0,0.67
840,902.0,2017.0,1423,773,549,2220.0,0.64
841,903.0,2017.0,1454,1266,680,3040.0,0.48
842,904.0,2017.0,880,816,424,2123.0,0.41
843,905.0,2017.0,1438,1234,668,2035.0,0.71
844,1001.0,2017.0,602,434,259,964.0,0.62
845,1002.0,2017.0,422,318,185,944.0,0.45
846,1003.0,2017.0,420,244,166,968.0,0.43
847,1004.0,2017.0,807,781,397,1738.0,0.46
848,1005.0,2017.0,680,284,241,1175.0,0.58
849,1006.0,2017.0,650,526,294,1321.0,0.49
850,1007.0,2017.0,803,821,406,1842.0,0.44
851,1008.0,2017.0,1166,790,489,1814.0,0.64
852,1009.0,2017.0,1544,636,545,2038.0,0.76
853,1101.0,2017.0,711,377,272,905.0,0.79
854,1102.0,2017.0,1001,951,488,1542.0,0.65
855,1103.0,2017.0,691,593,321,1229.0,0.56
856,1104.0,2017.0,1357,879,559,2003.0,0.68
857,1105.0,2017.0,1088,748,459,1566.0,0.69
858,1106.0,2017.0,1223,561,446,1201.0,1.02
859,1107.0,2017.0,1481,635,529,1631.0,0.91
860,1108.0,2017.0,1694,634,582,1734.0,0.98
861,1109.0,2017.0,1188,448,409,987.0,1.2
862,1110.0,2017.0,1326,454,445,1368.0,0.97
863,1201.0,2017.0,1082,1090,543,1745.0,0.62
864,1202.0,2017.0,1089,1131,555,2165.0,0.5
865,1203.0,2017.0,612,648,315,934.0,0.66
866,1204.0,2017.0,642,578,305,1153.0,0.56
867,1205.0,2017.0,474,526,250,687.0,0.69
868,1206.0,2017.0,636,584,305,910.0,0.7
869,1207.0,2017.0,1243,1305,637,2503.0,0.5
870,1208.0,2017.0,376,396,193,805.0,0.47
871,1209.0,2017.0,642,574,304,1003.0,0.64
872,1301.0,2017.0,796,792,397,1513.0,0.53
873,1302.0,2017.0,293,227,130,607.0,0.48
874,1303.0,2017.0,502,482,246,1282.0,0.39
875,1304.0,2017.0,540,420,240,1078.0,0.5
876,1305.0,2017.0,564,500,266,1020.0,0.55
877,1306.0,2017.0,964,668,408,1356.0,0.71
878,1307.0,2017.0,1194,706,475,1461.0,0.82
879,1308.0,2017.0,947,581,382,1309.0,0.72
880,1309.0,2017.0,1018,594,403,1323.0,0.77
881,1310.0,2017.0,1999,1077,769,1643.0,1.22
882,1401.0,2017.0,937,859,449,2544.0,0.37
883,1402.0,2017.0,1200,1168,592,2539.0,0.47
884,1403.0,2017.0,646,474,280,1270.0,0.51
885,1404.0,2017.0,635,561,299,1523.0,0.42
886,1405.0,2017.0,546,418,241,1074.0,0.51
887,1406.0,2017.0,617,471,272,1069.0,0.58
888,1407.0,2017.0,499,441,235,1166.0,0.43
889,1408.0,2017.0,684,640,331,1142.0,0.6
890,1409.0,2017.0,398,510,227,1283.0,0.31
891,1410.0,2017.0,648,624,318,1319.0,0.49
892,1411.0,2017.0,730,322,263,1158.0,0.63
893,1412.0,2017.0,504,268,193,724.0,0.7
894,1413.0,2017.0,602,550,288,1098.0,0.55
895,1414.0,2017.0,638,614,313,1226.0,0.52
896,1501.0,2017.0,606,518,281,1585.0,0.38
897,1502.0,2017.0,389,391,195,1083.0,0.36
898,1503.0,2017.0,280,204,121,726.0,0.39
899,1504.0,2017.0,782,818,400,1980.0,0.39
900,1505.0,2017.0,614,550,291,1329.0,0.46
901,1506.0,2017.0,505,495,250,780.0,0.65
902,1507.0,2017.0,612,436,262,1082.0,0.57
903,1508.0,2017.0,640,356,249,978.0,0.65
904,1509.0,2017.0,685,379,266,1032.0,0.66
905,1601.0,2017.0,681,479,290,1142.0,0.6
906,1602.0,2017.0,717,495,303,872.0,0.82
907,1603.0,2017.0,939,613,388,1462.0,0.64
908,1604.0,2017.0,867,581,362,1293.0,0.67
909,1605.0,2017.0,1010,658,417,1408.0,0.72
910,1606.0,2017.0,1308,796,526,1827.0,0.72
911,1607.0,2017.0,1394,830,556,1239.0,1.13
912,1608.0,2017.0,1603,781,596,1409.0,1.14
913,1609.0,2017.0,1549,1131,670,1498.0,1.03
914,1610.0,2017.0,1107,661,442,1341.0,0.83
915,1611.0,2017.0,1575,837,603,1466.0,1.07
916,1612.0,2017.0,1683,1109,698,1192.0,1.41
917,1701.0,2017.0,557,507,266,1209.0,0.46
918,1702.0,2017.0,481,355,209,826.0,0.58
919,1703.0,2017.0,1287,865,538,1821.0,0.71
920,1704.0,2017.0,1485,1063,637,1827.0,0.81
921,1705.0,2017.0,376,408,196,877.0,0.43
922,1706.0,2017.0,941,595,384,1336.0,0.7
923,1707.0,2017.0,419,329,187,728.0,0.58
924,1708.0,2017.0,818,494,328,1210.0,0.68
925,1709.0,2017.0,909,471,345,904.0,1.01
926,1710.0,2017.0,950,778,432,1672.0,0.57
927,1711.0,2017.0,421,263,171,633.0,0.67
928,1712.0,2017.0,741,555,324,929.0,0.8
929,1713.0,2017.0,1352,720,518,1251.0,1.08
930,1714.0,2017.0,1355,577,483,1300.0,1.04
931,1801.0,2017.0,1372,1072,611,2168.0,0.63
932,1802.0,2017.0,854,674,382,1456.0,0.59
933,1803.0,2017.0,1078,866,486,1721.0,0.63
934,1804.0,2017.0,894,886,445,1753.0,0.51
935,1805.0,2017.0,1128,1052,545,1728.0,0.65
936,1806.0,2017.0,1449,947,599,1935.0,0.75
937,1807.0,2017.0,1087,717,451,1494.0,0.73
938,1808.0,2017.0,1643,1125,692,2617.0,0.63
939,1809.0,2017.0,1325,671,499,1472.0,0.9
940,1810.0,2017.0,2000,1004,751,2081.0,0.96
941,1811.0,2017.0,861,539,350,1418.0,0.61
942,1812.0,2017.0,1157,763,480,1530.0,0.76
943,1813.0,2017.0,570,430,250,916.0,0.62
944,1814.0,2017.0,598,450,262,1040.0,0.57
945,1815.0,2017.0,910,742,413,1460.0,0.62
946,1816.0,2017.0,1793,907,675,1636.0,1.1
947,1817.0,2017.0,1196,844,510,1565.0,0.76
948,1818.0,2017.0,1351,1129,620,1977.0,0.68
949,1819.0,2017.0,1742,1174,729,2526.0,0.69
950,1820.0,2017.0,1893,1171,766,2037.0,0.93
951,1821.0,2017.0,1237,943,545,1983.0,0.62
952,1822.0,2017.0,1617,907,631,1661.0,0.97
953,1823.0,2017.0,667,685,338,1386.0,0.48
954,1901.0,2017.0,1458,494,488,1344.0,1.08
955,1902.0,2017.0,1840,760,650,1529.0,1.2
956,1903.0,2017.0,1335,409,436,1071.0,1.25
957,1904.0,2017.0,1851,685,634,1537.0,1.2
958,1905.0,2017.0,1466,634,525,1306.0,1.12
959,1906.0,2017.0,2221,747,742,1736.0,1.28
960,1907.0,2017.0,1712,596,577,1735.0,0.99
961,1908.0,2017.0,1011,321,333,843.0,1.2
962,1909.0,2017.0,917,323,310,830.0,1.1
963,1910.0,2017.0,1623,777,600,1698.0,0.96
964,1911.0,2017.0,923,633,389,1624.0,0.57
965,1912.0,2017.0,1329,535,466,1186.0,1.12
966,1913.0,2017.0,812,504,329,1102.0,0.74
967,2001.0,2017.0,1451,761,553,1524.0,0.95
968,2002.0,2017.0,1578,686,566,1626.0,0.97
969,2003.0,2017.0,1207,793,500,1674.0,0.72
970,2004.0,2017.0,1568,616,546,1208.0,1.3
971,2005.0,2017.0,1406,942,587,1576.0,0.89
972,2006.0,2017.0,1877,791,667,1663.0,1.13
973,2007.0,2017.0,1190,502,423,1001.0,1.19
974,2008.0,2017.0,1175,505,420,1200.0,0.98
975,2009.0,2017.0,1361,503,466,1332.0,1.02
976,2010.0,2017.0,2027,809,709,1914.0,1.06
977,2011.0,2017.0,977,371,337,775.0,1.26
978,2012.0,2017.0,1180,528,427,1057.0,1.12
979,2013.0,2017.0,1025,475,375,966.0,1.06
980,2014.0,2017.0,1162,542,426,933.0,1.25
981,2015.0,2017.0,1527,885,603,1846.0,0.83
982,2016.0,2017.0,1525,943,617,1848.0,0.83
983,2017.0,2017.0,1870,942,703,1966.0,0.95
984,2018.0,2017.0,1055,445,375,998.0,1.06
985,2019.0,2017.0,1128,500,407,996.0,1.13
986,2020.0,2017.0,1440,780,555,1777.0,0.81
987,2101.0,2017.0,728,228,239,1774.0,0.41
988,2102.0,2017.0,151,45,49,1143.0,0.13
989,2103.0,2017.0,409,131,135,1356.0,0.3
990,2104.0,2017.0,359,177,134,1044.0,0.34
991,2105.0,2017.0,719,253,243,1585.0,0.45
992,2106.0,2017.0,812,324,284,1101.0,0.74
993,2107.0,2017.0,745,267,253,1491.0,0.5
994,2108.0,2017.0,795,249,261,1759.0,0.45
995,2109.0,2017.0,778,278,264,1772.0,0.44
996,2110.0,2017.0,797,479,319,1487.0,0.54
997,2111.0,2017.0,834,358,298,1715.0,0.49
998,2112.0,2017.0,874,590,366,1650.0,0.53
999,2113.0,2017.0,1517,631,537,2040.0,0.74
1000,2114.0,2017.0,521,107,157,996.0,0.52
1001,2115.0,2017.0,661,191,213,1235.0,0.54
1002,2116.0,2017.0,955,353,327,1553.0,0.61
1003,2201.0,2017.0,1108,608,429,1923.0,0.58
1004,2202.0,2017.0,1270,782,513,2322.0,0.55
1005,2203.0,2017.0,1129,587,429,1891.0,0.6
1006,2204.0,2017.0,944,444,347,1232.0,0.77
1007,2205.0,2017.0,489,363,213,1132.0,0.43
1008,2206.0,2017.0,695,297,248,1088.0,0.64
1009,2207.0,2017.0,1168,540,427,1605.0,0.73
1010,2208.0,2017.0,780,400,295,1282.0,0.61
1011,2209.0,2017.0,759,377,284,1328.0,0.57
1012,2210.0,2017.0,1080,484,391,1455.0,0.74
1013,2211.0,2017.0,648,412,265,1041.0,0.62
1014,2212.0,2017.0,739,397,284,1200.0,0.62
1015,2213.0,2017.0,648,400,262,930.0,0.7
