,Ward/Precinct,CC Ballots 2009,CC Ballots 2019,M Ballots 2009,M Ballots 2017,CVAP 2009,CVAP 2017,CVAP 2019,CC Voter Turnout 2009,CC Voter Turnout 2019,M Voter Turnout 2009,M Voter Turnout 2017,CC % Net Change,M % Net Change,CC Net Change,M Net Change,Neighborhood
0,0101,397,280,397,495.0,534.0,889.0,889.0,0.74,0.31,0.74,0.56,-0.43,-0.17999999999999994,-117,98.0,East Boston
1,0102,273,147,273,298.0,814.0,1286.0,1286.0,0.34,0.11,0.34,0.23,-0.23000000000000004,-0.11000000000000001,-126,25.0,East Boston
2,0103,600,374,600,711.0,1422.0,1908.0,1908.0,0.42,0.2,0.42,0.37,-0.21999999999999997,-0.04999999999999999,-226,111.0,East Boston
3,0104,183,125,183,230.0,537.0,1015.0,1015.0,0.34,0.12,0.34,0.23,-0.22000000000000003,-0.11000000000000001,-58,47.0,East Boston
4,0105,286,133,286,355.0,980.0,1169.0,1169.0,0.29,0.11,0.29,0.3,-0.18,0.010000000000000009,-153,69.0,East Boston
5,0106,254,153,254,313.0,1030.0,1431.0,1431.0,0.25,0.11,0.25,0.22,-0.14,-0.03,-101,59.0,East Boston
6,0107,260,150,260,340.0,1111.0,1489.0,1489.0,0.23,0.1,0.23,0.23,-0.13,0.0,-110,80.0,East Boston
7,0108,381,239,381,477.0,1120.0,1236.0,1236.0,0.34,0.19,0.34,0.39,-0.15000000000000002,0.04999999999999999,-142,96.0,East Boston
8,0109,215,149,215,344.0,568.0,590.0,590.0,0.38,0.25,0.38,0.58,-0.13,0.19999999999999996,-66,129.0,East Boston
9,0110,157,92,157,193.0,766.0,938.0,938.0,0.2,0.1,0.2,0.21,-0.1,0.009999999999999981,-65,36.0,East Boston
10,0111,526,257,526,566.0,1169.0,1148.0,1148.0,0.45,0.22,0.45,0.49,-0.23,0.03999999999999998,-269,40.0,East Boston
11,0112,532,245,532,542.0,1104.0,1469.0,1469.0,0.48,0.17,0.48,0.37,-0.30999999999999994,-0.10999999999999999,-287,10.0,East Boston
12,0113,583,274,583,637.0,1372.0,1620.0,1620.0,0.42,0.17,0.42,0.39,-0.24999999999999997,-0.02999999999999997,-309,54.0,East Boston
13,0114,318,137,318,330.0,683.0,868.0,868.0,0.47,0.16,0.47,0.38,-0.30999999999999994,-0.08999999999999997,-181,12.0,East Boston
14,0115,1,0,1,0.0,94.0,88.0,88.0,0.01,0.0,0.01,0.0,-0.01,-0.01,-1,-1.0,Harbor Islands
15,0201,712,390,712,794.0,2748.0,2921.0,2921.0,0.26,0.13,0.26,0.27,-0.13,0.010000000000000009,-322,82.0,Charlestown
16,0202,646,360,646,875.0,2030.0,2514.0,2514.0,0.32,0.14,0.32,0.35,-0.18,0.02999999999999997,-286,229.0,Charlestown
17,0203,540,274,540,585.0,1063.0,1098.0,1098.0,0.51,0.25,0.51,0.53,-0.26,0.020000000000000018,-266,45.0,Charlestown
18,0204,396,237,396,548.0,1261.0,1371.0,1371.0,0.31,0.17,0.31,0.4,-0.13999999999999999,0.09000000000000002,-159,152.0,Charlestown
19,0205,558,242,558,589.0,1125.0,1240.0,1240.0,0.5,0.2,0.5,0.48,-0.3,-0.020000000000000018,-316,31.0,Charlestown
20,0206,747,370,747,860.0,1010.0,1108.0,1108.0,0.74,0.33,0.74,0.78,-0.41,0.040000000000000036,-377,113.0,Charlestown
21,0207,475,284,475,571.0,1333.0,1756.0,1756.0,0.36,0.16,0.36,0.33,-0.19999999999999998,-0.02999999999999997,-191,96.0,Charlestown
22,0301,1113,378,1113,1107.0,1386.0,1475.0,1475.0,0.8,0.26,0.8,0.75,-0.54,-0.050000000000000044,-735,-6.0,Downtown
23,0302,398,142,398,463.0,1762.0,1864.0,1864.0,0.23,0.08,0.23,0.25,-0.15000000000000002,0.01999999999999999,-256,65.0,West End
24,0303,400,195,400,503.0,2429.0,2522.0,2522.0,0.16,0.08,0.16,0.2,-0.08,0.04000000000000001,-205,103.0,Downtown
25,0304,518,218,518,561.0,1655.0,1781.0,1781.0,0.31,0.12,0.31,0.31,-0.19,0.0,-300,43.0,Downtown
26,0305,752,550,752,659.0,3116.0,3779.0,3779.0,0.24,0.15,0.24,0.17,-0.09,-0.06999999999999998,-202,-93.0,North End
27,0306,755,439,755,733.0,5412.0,6194.0,6194.0,0.14,0.07,0.14,0.12,-0.07,-0.020000000000000018,-316,-22.0,Beacon Hill
28,0307,986,499,986,1224.0,3032.0,3235.0,3235.0,0.33,0.15,0.33,0.38,-0.18000000000000002,0.04999999999999999,-487,238.0,South End
29,0308,941,870,941,1306.0,4970.0,6384.0,6384.0,0.19,0.14,0.19,0.2,-0.04999999999999999,0.010000000000000009,-71,365.0,Beacon Hill
30,0401,593,334,593,670.0,1540.0,1745.0,1745.0,0.39,0.19,0.39,0.38,-0.2,-0.010000000000000009,-259,77.0,South End
31,0402,643,385,643,698.0,3750.0,3982.0,3982.0,0.17,0.1,0.17,0.18,-0.07,0.009999999999999981,-258,55.0,South End
32,0403,340,224,340,425.0,1164.0,1277.0,1277.0,0.29,0.18,0.29,0.33,-0.10999999999999999,0.040000000000000036,-116,85.0,Back Bay
33,0404,560,300,560,465.0,1713.0,1962.0,1962.0,0.33,0.15,0.33,0.24,-0.18000000000000002,-0.09000000000000002,-260,-95.0,Back Bay
34,0405,323,217,323,343.0,2283.0,1847.0,1847.0,0.14,0.12,0.14,0.19,-0.020000000000000018,0.04999999999999999,-106,20.0,Fenway
35,0406,305,220,305,277.0,2094.0,1967.0,1967.0,0.15,0.11,0.15,0.14,-0.039999999999999994,-0.009999999999999981,-85,-28.0,Fenway
36,0407,262,191,262,251.0,2401.0,2233.0,2233.0,0.11,0.09,0.11,0.11,-0.020000000000000004,0.0,-71,-11.0,Back Bay
37,0408,234,201,234,263.0,6264.0,5345.0,5345.0,0.04,0.04,0.04,0.05,0.0,0.010000000000000002,-33,29.0,Mission Hill
38,0409,112,73,112,121.0,3683.0,4307.0,4307.0,0.03,0.02,0.03,0.03,-0.009999999999999998,0.0,-39,9.0,Roxbury
39,0410,42,38,42,61.0,5228.0,5757.0,5757.0,0.01,0.01,0.01,0.01,0.0,0.0,-4,19.0,Mission Hill
40,0501,1057,720,1057,1266.0,4768.0,5158.0,5158.0,0.22,0.14,0.22,0.25,-0.07999999999999999,0.03,-337,209.0,Beacon Hill
41,0502,377,337,377,254.0,3777.0,3754.0,3754.0,0.1,0.09,0.1,0.07,-0.010000000000000009,-0.03,-40,-123.0,Fenway
42,0503,459,395,459,353.0,2119.0,2276.0,2276.0,0.22,0.17,0.22,0.16,-0.04999999999999999,-0.06,-64,-106.0,Back Bay
43,0504,398,333,398,370.0,1837.0,1776.0,1776.0,0.22,0.19,0.22,0.21,-0.03,-0.010000000000000009,-65,-28.0,West End
44,0505,221,205,221,237.0,821.0,945.0,945.0,0.27,0.22,0.27,0.25,-0.05000000000000002,-0.020000000000000018,-16,16.0,Back Bay
45,0506,420,313,420,364.0,2081.0,2196.0,2196.0,0.2,0.14,0.2,0.17,-0.06,-0.03,-107,-56.0,Beacon Hill
46,0507,520,367,520,489.0,2065.0,2163.0,2163.0,0.25,0.17,0.25,0.23,-0.07999999999999999,-0.01999999999999999,-153,-31.0,Back Bay
47,0508,478,328,478,410.0,2199.0,2268.0,2268.0,0.22,0.14,0.22,0.18,-0.07999999999999999,-0.04000000000000001,-150,-68.0,Back Bay
48,0509,470,361,470,450.0,3501.0,3535.0,3535.0,0.13,0.1,0.13,0.13,-0.03,0.0,-109,-20.0,Fenway
49,0510,286,216,286,289.0,4924.0,4508.0,4508.0,0.06,0.05,0.06,0.06,-0.009999999999999995,0.0,-70,3.0,Back Bay
50,0511,382,298,382,328.0,1674.0,1748.0,1748.0,0.23,0.17,0.23,0.19,-0.06,-0.04000000000000001,-84,-54.0,Back Bay
51,0601,683,494,683,974.0,3073.0,4928.0,4928.0,0.22,0.1,0.22,0.2,-0.12,-0.01999999999999999,-189,291.0,South Boston
52,0602,387,187,387,376.0,1424.0,1738.0,1738.0,0.27,0.11,0.27,0.22,-0.16000000000000003,-0.05000000000000002,-200,-11.0,South Boston
53,0603,471,196,471,407.0,1021.0,1334.0,1334.0,0.46,0.15,0.46,0.31,-0.31000000000000005,-0.15000000000000002,-275,-64.0,South Boston
54,0604,541,227,541,483.0,1603.0,1986.0,1986.0,0.34,0.11,0.34,0.24,-0.23000000000000004,-0.10000000000000003,-314,-58.0,South Boston
55,0605,544,253,544,455.0,1571.0,1898.0,1898.0,0.35,0.13,0.35,0.24,-0.21999999999999997,-0.10999999999999999,-291,-89.0,South Boston
56,0606,644,340,644,545.0,1352.0,1637.0,1637.0,0.48,0.21,0.48,0.33,-0.27,-0.14999999999999997,-304,-99.0,South Boston
57,0607,587,318,587,494.0,1738.0,2086.0,2086.0,0.34,0.15,0.34,0.24,-0.19000000000000003,-0.10000000000000003,-269,-93.0,South Boston
58,0608,650,293,650,477.0,1199.0,1367.0,1367.0,0.54,0.21,0.54,0.35,-0.33000000000000007,-0.19000000000000006,-357,-173.0,South Boston
59,0609,668,302,668,495.0,1626.0,1907.0,1907.0,0.41,0.16,0.41,0.26,-0.24999999999999997,-0.14999999999999997,-366,-173.0,South Boston
60,0701,610,346,610,537.0,1592.0,1845.0,1845.0,0.38,0.19,0.38,0.29,-0.19,-0.09000000000000002,-264,-73.0,South Boston
61,0702,695,314,695,557.0,1454.0,1769.0,1769.0,0.48,0.18,0.48,0.31,-0.3,-0.16999999999999998,-381,-138.0,South Boston
62,0703,881,391,881,669.0,2190.0,2670.0,2670.0,0.4,0.15,0.4,0.25,-0.25,-0.15000000000000002,-490,-212.0,South Boston
63,0704,552,193,552,426.0,1458.0,1635.0,1635.0,0.38,0.12,0.38,0.26,-0.26,-0.12,-359,-126.0,South Boston
64,0705,403,190,403,397.0,2093.0,2587.0,2587.0,0.19,0.07,0.19,0.15,-0.12,-0.04000000000000001,-213,-6.0,Dorchester
65,0706,421,199,421,367.0,946.0,1038.0,1038.0,0.45,0.19,0.45,0.35,-0.26,-0.10000000000000003,-222,-54.0,Dorchester
66,0707,288,165,288,319.0,1246.0,1529.0,1529.0,0.23,0.11,0.23,0.21,-0.12000000000000001,-0.020000000000000018,-123,31.0,Dorchester
67,0708,317,181,317,349.0,1685.0,2012.0,2012.0,0.19,0.09,0.19,0.17,-0.1,-0.01999999999999999,-136,32.0,Roxbury
68,0709,333,177,333,325.0,927.0,1103.0,1103.0,0.36,0.16,0.36,0.29,-0.19999999999999998,-0.07,-156,-8.0,Roxbury
69,0710,330,116,330,279.0,1169.0,1775.0,1775.0,0.28,0.07,0.28,0.16,-0.21000000000000002,-0.12000000000000002,-214,-51.0,Roxbury
70,0801,222,171,222,337.0,1707.0,2533.0,2533.0,0.13,0.07,0.13,0.13,-0.06,0.0,-51,115.0,Downtown
71,0802,456,327,456,557.0,3187.0,3449.0,3449.0,0.14,0.09,0.14,0.16,-0.05000000000000002,0.01999999999999999,-129,101.0,Roxbury
72,0803,264,142,264,259.0,1558.0,1801.0,1801.0,0.17,0.08,0.17,0.14,-0.09000000000000001,-0.03,-122,-5.0,South End
73,0804,150,89,150,195.0,691.0,931.0,931.0,0.22,0.1,0.22,0.21,-0.12,-0.010000000000000009,-61,45.0,Roxbury
74,0805,347,163,347,370.0,847.0,1300.0,1300.0,0.41,0.13,0.41,0.28,-0.27999999999999997,-0.12999999999999995,-184,23.0,Dorchester
75,0806,134,53,134,120.0,1362.0,1422.0,1422.0,0.1,0.04,0.1,0.08,-0.060000000000000005,-0.020000000000000004,-81,-14.0,Dorchester
76,0807,255,120,255,228.0,554.0,650.0,650.0,0.46,0.18,0.46,0.35,-0.28,-0.11000000000000004,-135,-27.0,Roxbury
77,0901,473,297,473,631.0,2178.0,2070.0,2070.0,0.22,0.14,0.22,0.3,-0.07999999999999999,0.07999999999999999,-176,158.0,South End
78,0902,470,310,470,549.0,2210.0,2194.0,2194.0,0.21,0.14,0.21,0.25,-0.06999999999999998,0.04000000000000001,-160,79.0,Roxbury
79,0903,648,397,648,680.0,2938.0,3504.0,3504.0,0.22,0.11,0.22,0.19,-0.11,-0.03,-251,32.0,Back Bay
80,0904,390,229,390,424.0,1935.0,3000.0,3000.0,0.2,0.08,0.2,0.14,-0.12000000000000001,-0.06,-161,34.0,Mission Hill
81,0905,595,410,595,668.0,2288.0,3193.0,3193.0,0.26,0.13,0.26,0.21,-0.13,-0.05000000000000002,-185,73.0,Roxbury
82,1001,227,214,227,259.0,650.0,877.0,877.0,0.35,0.24,0.35,0.3,-0.10999999999999999,-0.04999999999999999,-13,32.0,Longwood
83,1002,248,149,248,185.0,1422.0,1684.0,1684.0,0.17,0.09,0.17,0.11,-0.08000000000000002,-0.06000000000000001,-99,-63.0,Mission Hill
84,1003,221,128,221,166.0,1629.0,1669.0,1669.0,0.14,0.08,0.14,0.1,-0.06000000000000001,-0.04000000000000001,-93,-55.0,Longwood
85,1004,493,345,493,397.0,1241.0,1258.0,1258.0,0.4,0.27,0.4,0.32,-0.13,-0.08000000000000002,-148,-96.0,Longwood
86,1005,304,188,304,241.0,2323.0,2274.0,2274.0,0.13,0.08,0.13,0.11,-0.05,-0.020000000000000004,-116,-63.0,Roxbury
87,1006,267,147,267,294.0,1500.0,1734.0,1734.0,0.18,0.08,0.18,0.17,-0.09999999999999999,-0.009999999999999981,-120,27.0,Mission Hill
88,1007,393,253,393,406.0,1281.0,1762.0,1762.0,0.31,0.14,0.31,0.23,-0.16999999999999998,-0.07999999999999999,-140,13.0,Mission Hill
89,1008,398,358,398,489.0,2365.0,2213.0,2213.0,0.17,0.16,0.17,0.22,-0.010000000000000009,0.04999999999999999,-40,91.0,Mission Hill
90,1009,521,374,521,545.0,1676.0,1818.0,1818.0,0.31,0.21,0.31,0.3,-0.1,-0.010000000000000009,-147,24.0,Jamaica Plain
91,1101,278,163,278,272.0,1277.0,1418.0,1418.0,0.22,0.11,0.22,0.19,-0.11,-0.03,-115,-6.0,Jamaica Plain
92,1102,405,290,405,488.0,1272.0,1760.0,1760.0,0.32,0.16,0.32,0.28,-0.16,-0.03999999999999998,-115,83.0,Jamaica Plain
93,1103,292,166,292,321.0,878.0,1305.0,1305.0,0.33,0.13,0.33,0.25,-0.2,-0.08000000000000002,-126,29.0,Roxbury
94,1104,454,330,454,559.0,1867.0,2269.0,2269.0,0.24,0.15,0.24,0.25,-0.09,0.010000000000000009,-124,105.0,Roxbury
95,1105,443,270,443,459.0,1133.0,1338.0,1338.0,0.39,0.2,0.39,0.34,-0.19,-0.04999999999999999,-173,16.0,Roxbury
96,1106,380,278,380,446.0,1288.0,1443.0,1443.0,0.3,0.19,0.3,0.31,-0.10999999999999999,0.010000000000000009,-102,66.0,Jamaica Plain
97,1107,502,330,502,529.0,1653.0,1864.0,1864.0,0.3,0.18,0.3,0.28,-0.12,-0.019999999999999962,-172,27.0,Roxbury
98,1108,496,401,496,582.0,1992.0,2388.0,2388.0,0.25,0.17,0.25,0.24,-0.07999999999999999,-0.010000000000000009,-95,86.0,Roxbury
99,1109,393,263,393,409.0,796.0,955.0,955.0,0.49,0.28,0.49,0.43,-0.20999999999999996,-0.06,-130,16.0,Jamaica Plain
100,1110,416,311,416,445.0,881.0,1042.0,1042.0,0.47,0.3,0.47,0.43,-0.16999999999999998,-0.03999999999999998,-105,29.0,Jamaica Plain
101,1201,486,323,486,543.0,1585.0,2041.0,2041.0,0.31,0.16,0.31,0.27,-0.15,-0.03999999999999998,-163,57.0,Roxbury
102,1202,610,321,610,555.0,1841.0,2217.0,2217.0,0.33,0.14,0.33,0.25,-0.19,-0.08000000000000002,-289,-55.0,Dorchester
103,1203,299,185,299,315.0,716.0,923.0,923.0,0.42,0.2,0.42,0.34,-0.21999999999999997,-0.07999999999999996,-114,16.0,Roxbury
104,1204,269,177,269,305.0,914.0,1161.0,1161.0,0.29,0.15,0.29,0.26,-0.13999999999999999,-0.02999999999999997,-92,36.0,Roxbury
105,1205,279,173,279,250.0,567.0,730.0,730.0,0.49,0.24,0.49,0.34,-0.25,-0.14999999999999997,-106,-29.0,Roxbury
106,1206,247,164,247,305.0,900.0,1087.0,1087.0,0.27,0.15,0.27,0.28,-0.12000000000000002,0.010000000000000009,-83,58.0,Dorchester
107,1207,600,333,600,637.0,2504.0,3036.0,3036.0,0.24,0.11,0.24,0.21,-0.13,-0.03,-267,37.0,Mattapan
108,1208,186,105,186,193.0,759.0,972.0,972.0,0.25,0.11,0.25,0.2,-0.14,-0.04999999999999999,-81,7.0,Roxbury
109,1209,296,169,296,304.0,1080.0,1341.0,1341.0,0.27,0.13,0.27,0.23,-0.14,-0.04000000000000001,-127,8.0,Roxbury
110,1301,388,199,388,397.0,1108.0,1429.0,1429.0,0.35,0.14,0.35,0.28,-0.20999999999999996,-0.06999999999999995,-189,9.0,Dorchester
111,1302,114,64,114,130.0,487.0,648.0,648.0,0.23,0.1,0.23,0.2,-0.13,-0.03,-50,16.0,Dorchester
112,1303,287,139,287,246.0,1349.0,1413.0,1413.0,0.21,0.1,0.21,0.17,-0.10999999999999999,-0.03999999999999998,-148,-41.0,South Boston
113,1304,242,135,242,240.0,1032.0,1455.0,1455.0,0.23,0.09,0.23,0.16,-0.14,-0.07,-107,-2.0,Roxbury
114,1305,250,136,250,266.0,967.0,1277.0,1277.0,0.26,0.11,0.26,0.21,-0.15000000000000002,-0.05000000000000002,-114,16.0,Dorchester
115,1306,399,211,399,408.0,1142.0,1352.0,1352.0,0.35,0.16,0.35,0.3,-0.18999999999999997,-0.04999999999999999,-188,9.0,Dorchester
116,1307,421,237,421,475.0,776.0,1022.0,1022.0,0.54,0.23,0.54,0.46,-0.31000000000000005,-0.08000000000000002,-184,54.0,Dorchester
117,1308,347,201,347,382.0,1057.0,1462.0,1462.0,0.33,0.14,0.33,0.26,-0.19,-0.07,-146,35.0,Dorchester
118,1309,411,210,411,403.0,1229.0,1587.0,1587.0,0.33,0.13,0.33,0.25,-0.2,-0.08000000000000002,-201,-8.0,Dorchester
119,1310,755,477,755,769.0,1524.0,1784.0,1784.0,0.5,0.27,0.5,0.43,-0.22999999999999998,-0.07,-278,14.0,Dorchester
120,1401,435,238,435,449.0,2482.0,2699.0,2699.0,0.18,0.09,0.18,0.17,-0.09,-0.009999999999999981,-197,14.0,Roxbury
121,1402,577,294,577,592.0,2324.0,2850.0,2850.0,0.25,0.1,0.25,0.21,-0.15,-0.04000000000000001,-283,15.0,Dorchester
122,1403,307,130,307,280.0,1197.0,1249.0,1249.0,0.26,0.1,0.26,0.22,-0.16,-0.04000000000000001,-177,-27.0,Dorchester
123,1404,375,135,375,299.0,1353.0,1716.0,1716.0,0.28,0.08,0.28,0.17,-0.2,-0.11000000000000001,-240,-76.0,Dorchester
124,1405,245,134,245,241.0,937.0,1064.0,1064.0,0.26,0.13,0.26,0.23,-0.13,-0.03,-111,-4.0,Dorchester
125,1406,289,116,289,272.0,1053.0,1094.0,1094.0,0.27,0.11,0.27,0.25,-0.16000000000000003,-0.020000000000000018,-173,-17.0,Dorchester
126,1407,295,119,295,235.0,1117.0,1360.0,1360.0,0.26,0.09,0.26,0.17,-0.17,-0.09,-176,-60.0,Dorchester
127,1408,336,178,336,331.0,889.0,1166.0,1166.0,0.38,0.15,0.38,0.28,-0.23,-0.09999999999999998,-158,-5.0,Roslindale
128,1409,240,98,240,227.0,1045.0,1300.0,1300.0,0.23,0.08,0.23,0.17,-0.15000000000000002,-0.06,-142,-13.0,Roxbury
129,1410,336,152,336,318.0,1278.0,2165.0,2165.0,0.26,0.07,0.26,0.15,-0.19,-0.11000000000000001,-184,-18.0,Dorchester
130,1411,181,121,181,263.0,888.0,1504.0,1504.0,0.2,0.08,0.2,0.17,-0.12000000000000001,-0.03,-60,82.0,Roxbury
131,1412,179,74,179,193.0,494.0,765.0,765.0,0.36,0.1,0.36,0.25,-0.26,-0.10999999999999999,-105,14.0,Dorchester
132,1413,259,113,259,288.0,903.0,1147.0,1147.0,0.29,0.1,0.29,0.25,-0.18999999999999997,-0.03999999999999998,-146,29.0,Mattapan
133,1414,319,155,319,313.0,1211.0,1504.0,1504.0,0.26,0.1,0.26,0.21,-0.16,-0.05000000000000002,-164,-6.0,Dorchester
134,1501,339,129,339,281.0,1462.0,1784.0,1784.0,0.23,0.07,0.23,0.16,-0.16,-0.07,-210,-58.0,Dorchester
135,1502,240,79,240,195.0,818.0,891.0,891.0,0.29,0.09,0.29,0.22,-0.19999999999999998,-0.06999999999999998,-161,-45.0,Dorchester
136,1503,164,53,164,121.0,638.0,693.0,693.0,0.26,0.08,0.26,0.17,-0.18,-0.09,-111,-43.0,Dorchester
137,1504,407,191,407,400.0,1677.0,1930.0,1930.0,0.24,0.1,0.24,0.21,-0.13999999999999999,-0.03,-216,-7.0,Dorchester
138,1505,268,149,268,291.0,1155.0,1326.0,1326.0,0.23,0.11,0.23,0.22,-0.12000000000000001,-0.010000000000000009,-119,23.0,Dorchester
139,1506,250,152,250,250.0,834.0,915.0,915.0,0.3,0.17,0.3,0.27,-0.12999999999999998,-0.02999999999999997,-98,0.0,Dorchester
140,1507,238,122,238,262.0,784.0,810.0,810.0,0.3,0.15,0.3,0.32,-0.15,0.020000000000000018,-116,24.0,Dorchester
141,1508,234,129,234,249.0,910.0,1083.0,1083.0,0.26,0.12,0.26,0.23,-0.14,-0.03,-105,15.0,Dorchester
142,1509,288,153,288,266.0,1173.0,1246.0,1246.0,0.25,0.12,0.25,0.21,-0.13,-0.04000000000000001,-135,-22.0,Dorchester
143,1601,325,154,325,290.0,1005.0,1145.0,1145.0,0.32,0.13,0.32,0.25,-0.19,-0.07,-171,-35.0,Dorchester
144,1602,283,161,283,303.0,2567.0,2887.0,2887.0,0.11,0.06,0.11,0.1,-0.05,-0.009999999999999995,-122,20.0,Dorchester
145,1603,437,215,437,388.0,888.0,1181.0,1181.0,0.49,0.18,0.49,0.33,-0.31,-0.15999999999999998,-222,-49.0,Dorchester
146,1604,385,200,385,362.0,871.0,1093.0,1093.0,0.44,0.18,0.44,0.33,-0.26,-0.10999999999999999,-185,-23.0,Dorchester
147,1605,490,268,490,417.0,1161.0,1390.0,1390.0,0.42,0.19,0.42,0.3,-0.22999999999999998,-0.12,-222,-73.0,Dorchester
148,1606,499,294,499,526.0,1212.0,1556.0,1556.0,0.41,0.19,0.41,0.34,-0.21999999999999997,-0.06999999999999995,-205,27.0,Dorchester
149,1607,603,350,603,556.0,1539.0,2035.0,2035.0,0.39,0.17,0.39,0.27,-0.22,-0.12,-253,-47.0,Dorchester
150,1608,587,416,587,596.0,776.0,841.0,841.0,0.76,0.49,0.76,0.71,-0.27,-0.050000000000000044,-171,9.0,Dorchester
151,1609,781,466,781,670.0,889.0,896.0,896.0,0.88,0.52,0.88,0.75,-0.36,-0.13,-315,-111.0,Dorchester
152,1610,496,257,496,442.0,1086.0,1107.0,1107.0,0.46,0.23,0.46,0.4,-0.23,-0.06,-239,-54.0,Dorchester
153,1611,646,391,646,603.0,1826.0,1963.0,1963.0,0.35,0.2,0.35,0.31,-0.14999999999999997,-0.03999999999999998,-255,-43.0,Mattapan
154,1612,808,534,808,698.0,1776.0,1789.0,1789.0,0.45,0.3,0.45,0.39,-0.15000000000000002,-0.06,-274,-110.0,Dorchester
155,1701,282,113,282,266.0,1206.0,1408.0,1408.0,0.23,0.08,0.23,0.19,-0.15000000000000002,-0.04000000000000001,-169,-16.0,Dorchester
156,1702,219,109,219,209.0,831.0,1003.0,1003.0,0.26,0.11,0.26,0.21,-0.15000000000000002,-0.05000000000000002,-110,-10.0,Dorchester
157,1703,496,315,496,538.0,1783.0,1977.0,1977.0,0.28,0.16,0.28,0.27,-0.12000000000000002,-0.010000000000000009,-181,42.0,Dorchester
158,1704,703,352,703,637.0,1827.0,2487.0,2487.0,0.38,0.14,0.38,0.26,-0.24,-0.12,-351,-66.0,Mattapan
159,1705,171,97,171,196.0,781.0,996.0,996.0,0.22,0.1,0.22,0.2,-0.12,-0.01999999999999999,-74,25.0,Dorchester
160,1706,432,222,432,384.0,966.0,1169.0,1169.0,0.45,0.19,0.45,0.33,-0.26,-0.12,-210,-48.0,Dorchester
161,1707,184,94,184,187.0,877.0,1100.0,1100.0,0.21,0.09,0.21,0.17,-0.12,-0.03999999999999998,-90,3.0,Dorchester
162,1708,345,152,345,328.0,1153.0,1608.0,1608.0,0.3,0.09,0.3,0.2,-0.21,-0.09999999999999998,-193,-17.0,Dorchester
163,1709,366,256,366,345.0,829.0,1157.0,1157.0,0.44,0.22,0.44,0.3,-0.22,-0.14,-110,-21.0,Dorchester
164,1710,408,168,408,432.0,1372.0,1770.0,1770.0,0.3,0.09,0.3,0.24,-0.21,-0.06,-240,24.0,Mattapan
165,1711,149,102,149,171.0,454.0,632.0,632.0,0.33,0.16,0.33,0.27,-0.17,-0.06,-47,22.0,Dorchester
166,1712,333,150,333,324.0,750.0,955.0,955.0,0.44,0.16,0.44,0.34,-0.28,-0.09999999999999998,-183,-9.0,Dorchester
167,1713,570,299,570,518.0,1770.0,1968.0,1968.0,0.32,0.15,0.32,0.26,-0.17,-0.06,-271,-52.0,Mattapan
168,1714,362,290,362,483.0,1003.0,1241.0,1241.0,0.36,0.23,0.36,0.39,-0.12999999999999998,0.030000000000000027,-72,121.0,Dorchester
169,1801,574,346,574,611.0,2241.0,2882.0,2882.0,0.26,0.12,0.26,0.21,-0.14,-0.05000000000000002,-228,37.0,Dorchester
170,1802,432,197,432,382.0,1444.0,1706.0,1706.0,0.3,0.12,0.3,0.22,-0.18,-0.07999999999999999,-235,-50.0,Dorchester
171,1803,519,264,519,486.0,1848.0,1902.0,1902.0,0.28,0.14,0.28,0.26,-0.14,-0.020000000000000018,-255,-33.0,Roslindale
172,1804,479,259,479,445.0,1652.0,1901.0,1901.0,0.29,0.14,0.29,0.23,-0.14999999999999997,-0.05999999999999997,-220,-34.0,Hyde Park
173,1805,565,314,565,545.0,1197.0,1395.0,1395.0,0.47,0.23,0.47,0.39,-0.23999999999999996,-0.07999999999999996,-251,-20.0,Mattapan
174,1806,601,354,601,599.0,1353.0,1577.0,1577.0,0.44,0.22,0.44,0.38,-0.22,-0.06,-247,-2.0,Mattapan
175,1807,454,277,454,451.0,1903.0,2229.0,2229.0,0.24,0.12,0.24,0.2,-0.12,-0.03999999999999998,-177,-3.0,Jamaica Plain
176,1808,838,385,838,692.0,2967.0,3475.0,3475.0,0.28,0.11,0.28,0.2,-0.17000000000000004,-0.08000000000000002,-453,-146.0,Roslindale
177,1809,590,346,590,499.0,1676.0,1844.0,1844.0,0.35,0.19,0.35,0.27,-0.15999999999999998,-0.07999999999999996,-244,-91.0,Hyde Park
178,1810,760,598,760,751.0,1883.0,2299.0,2299.0,0.4,0.26,0.4,0.33,-0.14,-0.07,-162,-9.0,Roslindale
179,1811,371,236,371,350.0,1230.0,1597.0,1597.0,0.3,0.15,0.3,0.22,-0.15,-0.07999999999999999,-135,-21.0,West Roxbury
180,1812,602,321,602,480.0,1531.0,1845.0,1845.0,0.39,0.17,0.39,0.26,-0.22,-0.13,-281,-122.0,West Roxbury
181,1813,272,174,272,250.0,885.0,1060.0,1060.0,0.31,0.16,0.31,0.24,-0.15,-0.07,-98,-22.0,Hyde Park
182,1814,287,155,287,262.0,879.0,1131.0,1131.0,0.33,0.14,0.33,0.23,-0.19,-0.1,-132,-25.0,Roslindale
183,1815,450,267,450,413.0,1449.0,1736.0,1736.0,0.31,0.15,0.31,0.24,-0.16,-0.07,-183,-37.0,Hyde Park
184,1816,819,647,819,675.0,2190.0,2473.0,2473.0,0.37,0.26,0.37,0.27,-0.10999999999999999,-0.09999999999999998,-172,-144.0,Hyde Park
185,1817,582,363,582,510.0,1577.0,1760.0,1760.0,0.37,0.21,0.37,0.29,-0.16,-0.08000000000000002,-219,-72.0,Hyde Park
186,1818,693,405,693,620.0,2077.0,2404.0,2404.0,0.33,0.17,0.33,0.26,-0.16,-0.07,-288,-73.0,Hyde Park
187,1819,807,469,807,729.0,2119.0,2922.0,2922.0,0.38,0.16,0.38,0.25,-0.22,-0.13,-338,-78.0,West Roxbury
188,1820,952,598,952,766.0,2192.0,2466.0,2466.0,0.43,0.24,0.43,0.31,-0.19,-0.12,-354,-186.0,Hyde Park
189,1821,579,278,579,545.0,1989.0,1998.0,1998.0,0.29,0.14,0.29,0.27,-0.14999999999999997,-0.019999999999999962,-301,-34.0,Hyde Park
190,1822,766,471,766,631.0,1676.0,2208.0,2208.0,0.46,0.21,0.46,0.29,-0.25,-0.17000000000000004,-295,-135.0,Roslindale
191,1823,327,225,327,338.0,866.0,1080.0,1080.0,0.38,0.21,0.38,0.31,-0.17,-0.07,-102,11.0,Hyde Park
192,1901,454,368,454,488.0,1333.0,1336.0,1336.0,0.34,0.28,0.34,0.37,-0.06,0.02999999999999997,-86,34.0,Jamaica Plain
193,1902,823,402,823,650.0,1645.0,1949.0,1949.0,0.5,0.21,0.5,0.33,-0.29000000000000004,-0.16999999999999998,-421,-173.0,West Roxbury
194,1903,418,263,418,436.0,1301.0,1461.0,1461.0,0.32,0.18,0.32,0.3,-0.14,-0.020000000000000018,-155,18.0,Jamaica Plain
195,1904,543,451,543,634.0,1439.0,1757.0,1757.0,0.38,0.26,0.38,0.36,-0.12,-0.020000000000000018,-92,91.0,Jamaica Plain
196,1905,542,389,542,525.0,1091.0,1300.0,1300.0,0.5,0.3,0.5,0.4,-0.2,-0.09999999999999998,-153,-17.0,Jamaica Plain
197,1906,661,483,661,742.0,1626.0,1941.0,1941.0,0.41,0.25,0.41,0.38,-0.15999999999999998,-0.02999999999999997,-178,81.0,Jamaica Plain
198,1907,603,407,603,577.0,2376.0,3057.0,3057.0,0.25,0.13,0.25,0.19,-0.12,-0.06,-196,-26.0,Mattapan
199,1908,381,263,381,333.0,704.0,828.0,828.0,0.54,0.32,0.54,0.4,-0.22000000000000003,-0.14,-118,-48.0,Jamaica Plain
200,1909,345,209,345,310.0,730.0,878.0,878.0,0.47,0.24,0.47,0.35,-0.22999999999999998,-0.12,-136,-35.0,Jamaica Plain
201,1910,636,451,636,600.0,1755.0,2173.0,2173.0,0.36,0.21,0.36,0.28,-0.15,-0.07999999999999996,-185,-36.0,Roslindale
202,1911,294,263,294,389.0,996.0,1288.0,1288.0,0.3,0.2,0.3,0.3,-0.09999999999999998,0.0,-31,95.0,Jamaica Plain
203,1912,478,327,478,466.0,807.0,969.0,969.0,0.59,0.34,0.59,0.48,-0.24999999999999994,-0.10999999999999999,-151,-12.0,Roslindale
204,1913,380,241,380,329.0,969.0,1294.0,1294.0,0.39,0.19,0.39,0.25,-0.2,-0.14,-139,-51.0,Jamaica Plain
205,2001,676,404,676,553.0,1398.0,1646.0,1646.0,0.48,0.25,0.48,0.34,-0.22999999999999998,-0.13999999999999996,-272,-123.0,Jamaica Plain
206,2002,646,426,646,566.0,1484.0,1911.0,1911.0,0.44,0.22,0.44,0.3,-0.22,-0.14,-220,-80.0,Roslindale
207,2003,669,262,669,500.0,2163.0,2626.0,2626.0,0.31,0.1,0.31,0.19,-0.21,-0.12,-407,-169.0,Hyde Park
208,2004,560,451,560,546.0,1301.0,1535.0,1535.0,0.43,0.29,0.43,0.36,-0.14,-0.07,-109,-14.0,Jamaica Plain
209,2005,757,384,757,587.0,2725.0,2714.0,2714.0,0.28,0.14,0.28,0.22,-0.14,-0.060000000000000026,-373,-170.0,West Roxbury
210,2006,841,500,841,667.0,1819.0,1941.0,1941.0,0.46,0.26,0.46,0.34,-0.2,-0.12,-341,-174.0,Jamaica Plain
211,2007,486,306,486,423.0,1072.0,1215.0,1215.0,0.45,0.25,0.45,0.35,-0.2,-0.10000000000000003,-180,-63.0,West Roxbury
212,2008,471,331,471,420.0,1173.0,1295.0,1295.0,0.4,0.26,0.4,0.32,-0.14,-0.08000000000000002,-140,-51.0,West Roxbury
213,2009,553,379,553,466.0,1484.0,1738.0,1738.0,0.37,0.22,0.37,0.27,-0.15,-0.09999999999999998,-174,-87.0,West Roxbury
214,2010,864,461,864,709.0,1778.0,1825.0,1825.0,0.49,0.25,0.49,0.39,-0.24,-0.09999999999999998,-403,-155.0,Roslindale
215,2011,413,263,413,337.0,727.0,728.0,728.0,0.57,0.36,0.57,0.46,-0.20999999999999996,-0.10999999999999993,-150,-76.0,Roslindale
216,2012,589,325,589,427.0,1171.0,1246.0,1246.0,0.5,0.26,0.5,0.34,-0.24,-0.15999999999999998,-264,-162.0,West Roxbury
217,2013,482,253,482,375.0,624.0,693.0,693.0,0.77,0.37,0.77,0.54,-0.4,-0.22999999999999998,-229,-107.0,West Roxbury
218,2014,556,319,556,426.0,1024.0,1023.0,1023.0,0.54,0.31,0.54,0.42,-0.23000000000000004,-0.12000000000000005,-237,-130.0,West Roxbury
219,2015,777,325,777,603.0,1492.0,1629.0,1629.0,0.52,0.2,0.52,0.37,-0.32,-0.15000000000000002,-452,-174.0,West Roxbury
220,2016,878,396,878,617.0,1512.0,1403.0,1403.0,0.58,0.28,0.58,0.44,-0.29999999999999993,-0.13999999999999996,-482,-261.0,West Roxbury
221,2017,929,437,929,703.0,2762.0,3681.0,3681.0,0.34,0.12,0.34,0.19,-0.22000000000000003,-0.15000000000000002,-492,-226.0,West Roxbury
222,2018,485,238,485,375.0,963.0,1024.0,1024.0,0.5,0.23,0.5,0.37,-0.27,-0.13,-247,-110.0,West Roxbury
223,2019,534,269,534,407.0,670.0,730.0,730.0,0.8,0.37,0.8,0.56,-0.43000000000000005,-0.24,-265,-127.0,West Roxbury
224,2020,672,364,672,555.0,1070.0,1380.0,1380.0,0.63,0.26,0.63,0.4,-0.37,-0.22999999999999998,-308,-117.0,West Roxbury
225,2101,205,179,205,239.0,2599.0,3059.0,3059.0,0.08,0.06,0.08,0.08,-0.020000000000000004,0.0,-26,34.0,Fenway
226,2102,26,27,26,49.0,3616.0,3272.0,3272.0,0.01,0.01,0.01,0.01,0.0,0.0,1,23.0,Allston
227,2103,128,85,128,135.0,2482.0,1725.0,1725.0,0.05,0.05,0.05,0.08,0.0,0.03,-43,7.0,Allston
228,2104,94,121,94,134.0,1351.0,1177.0,1177.0,0.07,0.1,0.07,0.11,0.03,0.039999999999999994,27,40.0,Allston
229,2105,148,164,148,243.0,2417.0,1881.0,1881.0,0.06,0.09,0.06,0.13,0.03,0.07,16,95.0,Allston
230,2106,284,208,284,284.0,1481.0,1566.0,1566.0,0.19,0.13,0.19,0.18,-0.06,-0.010000000000000009,-76,0.0,Brighton
231,2107,185,174,185,253.0,1685.0,1551.0,1551.0,0.11,0.11,0.11,0.16,0.0,0.05,-11,68.0,Brighton
232,2108,155,192,155,261.0,1994.0,2059.0,2059.0,0.08,0.09,0.08,0.13,0.009999999999999995,0.05,37,106.0,Allston
233,2109,233,194,233,264.0,3010.0,2959.0,2959.0,0.08,0.07,0.08,0.09,-0.009999999999999995,0.009999999999999995,-39,31.0,Allston
234,2110,290,225,290,319.0,1381.0,1404.0,1404.0,0.21,0.16,0.21,0.23,-0.04999999999999999,0.020000000000000018,-65,29.0,Brighton
235,2111,286,228,286,298.0,1937.0,2094.0,2094.0,0.15,0.11,0.15,0.14,-0.039999999999999994,-0.009999999999999981,-58,12.0,Brighton
236,2112,412,288,412,366.0,1832.0,1871.0,1871.0,0.22,0.15,0.22,0.2,-0.07,-0.01999999999999999,-124,-46.0,Brighton
237,2113,734,525,734,537.0,2526.0,2639.0,2639.0,0.29,0.2,0.29,0.2,-0.08999999999999997,-0.08999999999999997,-209,-197.0,Brighton
238,2114,122,109,122,157.0,927.0,964.0,964.0,0.13,0.11,0.13,0.16,-0.020000000000000004,0.03,-13,35.0,Brighton
239,2115,178,166,178,213.0,855.0,861.0,861.0,0.21,0.19,0.21,0.25,-0.01999999999999999,0.04000000000000001,-12,35.0,Brighton
240,2116,409,247,409,327.0,4119.0,4774.0,4774.0,0.1,0.05,0.1,0.07,-0.05,-0.03,-162,-82.0,Brighton
241,2201,451,375,451,429.0,5714.0,6618.0,6618.0,0.08,0.06,0.08,0.06,-0.020000000000000004,-0.020000000000000004,-76,-22.0,Brighton
242,2202,411,407,411,513.0,2094.0,2187.0,2187.0,0.2,0.19,0.2,0.23,-0.010000000000000009,0.03,-4,102.0,Brighton
243,2203,442,412,442,429.0,2089.0,2444.0,2444.0,0.21,0.17,0.21,0.18,-0.03999999999999998,-0.03,-30,-13.0,Allston
244,2204,384,350,384,347.0,1109.0,1342.0,1342.0,0.35,0.26,0.35,0.26,-0.08999999999999997,-0.08999999999999997,-34,-37.0,Brighton
245,2205,226,180,226,213.0,1004.0,1631.0,1631.0,0.23,0.11,0.23,0.13,-0.12000000000000001,-0.1,-46,-13.0,Allston
246,2206,227,182,227,248.0,882.0,1078.0,1078.0,0.26,0.17,0.26,0.23,-0.09,-0.03,-45,21.0,Allston
247,2207,355,364,355,427.0,1493.0,1760.0,1760.0,0.24,0.21,0.24,0.24,-0.03,0.0,9,72.0,Brighton
248,2208,377,242,377,295.0,2253.0,2427.0,2427.0,0.17,0.1,0.17,0.12,-0.07,-0.05000000000000002,-135,-82.0,Brighton
249,2209,304,278,304,284.0,1190.0,1185.0,1185.0,0.26,0.23,0.26,0.24,-0.03,-0.020000000000000018,-26,-20.0,Brighton
250,2210,470,344,470,391.0,1655.0,1904.0,1904.0,0.28,0.18,0.28,0.21,-0.10000000000000003,-0.07000000000000003,-126,-79.0,Brighton
251,2211,316,249,316,265.0,1730.0,2046.0,2046.0,0.18,0.12,0.18,0.13,-0.06,-0.04999999999999999,-67,-51.0,Brighton
252,2212,372,282,372,284.0,1604.0,2052.0,2052.0,0.23,0.14,0.23,0.14,-0.09,-0.09,-90,-88.0,Brighton
253,2213,279,222,279,262.0,958.0,1182.0,1182.0,0.29,0.19,0.29,0.22,-0.09999999999999998,-0.06999999999999998,-57,-17.0,Brighton
