,Ward_Precinct,TITO JACKSON,MARTIN J WALSH,DONALD OSGOOD SR (WRITE-IN),ALL OTHERS,VOTES CAST,BLANKS,BALLOTS CAST,Registered Voters,CVAP,TOTAL POP.,WHITE,AFRICAN_AMERICAN,NATIVE_AMERICAN,ASIAN,OTHER
0,101.0,162.0,315.0,0.0,4.0,481.0,14.0,495.0,1397.0,889.0,1193.6633065418473,0.766,0.019,0.005,0.039,0.024
1,102.0,98.0,189.0,0.0,3.0,290.0,8.0,298.0,1035.0,1286.0,2632.4589450016406,0.693,0.038,0.001,0.039,0.058
2,103.0,233.0,453.0,0.0,6.0,692.0,19.0,711.0,2379.0,1908.0,3500.46189336928,0.735,0.039,0.005,0.037,0.055
3,104.0,59.0,162.0,0.0,2.0,223.0,7.0,230.0,798.0,1015.0,2317.7225584924927,0.661,0.069,0.001,0.036,0.019
4,105.0,87.0,254.0,0.0,3.0,344.0,11.0,355.0,1255.0,1169.0,4016.7950866453634,0.559,0.014,0.0,0.012,0.036
5,106.0,81.0,219.0,0.0,0.0,300.0,13.0,313.0,1171.0,1431.0,3633.2900976783017,0.538,0.029,0.011,0.045,0.071
6,107.0,76.0,251.0,0.0,2.0,329.0,11.0,340.0,1218.0,1489.0,3369.9251660279947,0.544,0.032,0.015,0.062,0.075
7,108.0,124.0,337.0,0.0,2.0,463.0,14.0,477.0,1708.0,1236.0,2882.066867350622,0.579,0.02,0.01,0.062,0.045
8,109.0,90.0,248.0,0.0,2.0,340.0,4.0,344.0,1093.0,590.0,1748.530637994601,0.58,0.005,0.0,0.032,0.045
9,110.0,31.0,152.0,0.0,1.0,184.0,9.0,193.0,742.0,938.0,2590.669800085573,0.553,0.016,0.007,0.037,0.06
10,111.0,100.0,433.0,0.0,8.0,541.0,25.0,566.0,1425.0,1148.0,1933.3324557838391,0.628,0.033,0.0,0.055,0.07
11,112.0,129.0,383.0,0.0,4.0,516.0,26.0,542.0,1365.0,1469.0,2668.093558323405,0.652,0.029,0.0,0.054,0.033
12,113.0,144.0,468.0,0.0,4.0,616.0,21.0,637.0,1916.0,1620.0,2847.238355864355,0.645,0.031,0.0,0.055,0.046
13,114.0,61.0,247.0,0.0,2.0,310.0,20.0,330.0,960.0,868.0,1562.2703701033245,0.65,0.03,0.0,0.054,0.037
14,115.0,0.0,0.0,0.0,0.0,0.0,0.0,0.0,18.0,88.0,99.24825013393504,0.442,0.221,0.0,0.002,0.228
15,201.0,130.0,632.0,0.0,2.0,764.0,30.0,794.0,2209.0,2921.0,3916.847682688176,0.873,0.037,0.0,0.055,0.001
16,202.0,164.0,686.0,0.0,3.0,853.0,22.0,875.0,2985.0,2514.0,3737.137897982896,0.629,0.131,0.0,0.156,0.037
17,203.0,128.0,431.0,0.0,6.0,565.0,20.0,585.0,1470.0,1098.0,1519.4384642794566,0.866,0.06,0.0,0.04,0.005
18,204.0,110.0,417.0,0.0,3.0,530.0,18.0,548.0,1498.0,1371.0,1927.5647158941276,0.81,0.097,0.0,0.05,0.009
19,205.0,98.0,467.0,0.0,6.0,571.0,18.0,589.0,1580.0,1240.0,1678.7203757364546,0.847,0.083,0.0,0.038,0.006
20,206.0,143.0,671.0,0.0,8.0,822.0,38.0,860.0,2022.0,1108.0,1505.455031468514,0.838,0.072,0.0,0.052,0.004
21,207.0,103.0,450.0,0.0,2.0,555.0,16.0,571.0,1567.0,1756.0,2118.601234009592,0.885,0.052,0.0,0.029,0.009
22,301.0,233.0,832.0,0.0,3.0,1068.0,39.0,1107.0,3033.0,1475.0,1719.4836401392658,0.85,0.044,0.0,0.065,0.018
23,302.0,118.0,325.0,0.0,3.0,446.0,17.0,463.0,1625.0,1864.0,2097.506256146361,0.934,0.003,0.004,0.026,0.023
24,303.0,96.0,395.0,0.0,0.0,491.0,12.0,503.0,1807.0,2522.0,2799.359215401026,0.934,0.008,0.001,0.024,0.024
25,304.0,101.0,439.0,0.0,1.0,541.0,20.0,561.0,1786.0,1781.0,2040.2591493442703,0.89,0.025,0.001,0.052,0.016
26,305.0,213.0,430.0,0.0,4.0,647.0,12.0,659.0,3073.0,3779.0,4808.968143068165,0.762,0.061,0.001,0.118,0.025
27,306.0,214.0,506.0,0.0,7.0,727.0,6.0,733.0,4266.0,6194.0,7981.347160031884,0.737,0.047,0.0,0.17,0.016
28,307.0,297.0,911.0,0.0,6.0,1214.0,10.0,1224.0,3810.0,3235.0,4370.981489553522,0.555,0.101,0.006,0.169,0.126
29,308.0,220.0,1039.0,0.0,4.0,1263.0,43.0,1306.0,5709.0,6384.0,9275.043808881075,0.483,0.047,0.004,0.425,0.011
30,401.0,179.0,478.0,0.0,2.0,659.0,11.0,670.0,1784.0,1745.0,2113.0545576115765,0.797,0.064,0.0,0.087,0.013
31,402.0,205.0,488.0,1.0,2.0,696.0,2.0,698.0,3015.0,3982.0,4936.85795094366,0.69,0.125,0.0,0.154,0.009
32,403.0,122.0,295.0,0.0,2.0,419.0,6.0,425.0,1247.0,1277.0,1574.966858689361,0.74,0.12,0.0,0.087,0.006
33,404.0,163.0,295.0,0.0,0.0,458.0,7.0,465.0,1797.0,1962.0,2195.077480750856,0.729,0.164,0.0,0.083,0.009
34,405.0,122.0,215.0,0.0,1.0,338.0,5.0,343.0,1520.0,1847.0,2690.426155976416,0.676,0.095,0.001,0.157,0.044
35,406.0,95.0,178.0,0.0,0.0,273.0,4.0,277.0,1327.0,1967.0,2688.8200967357907,0.624,0.106,0.006,0.176,0.068
36,407.0,85.0,164.0,0.0,0.0,249.0,2.0,251.0,1357.0,2233.0,2788.165912907619,0.604,0.088,0.005,0.211,0.05
37,408.0,90.0,171.0,0.0,0.0,261.0,2.0,263.0,1437.0,5345.0,6612.888529628171,0.612,0.068,0.002,0.227,0.032
38,409.0,55.0,66.0,0.0,0.0,121.0,0.0,121.0,1115.0,4307.0,5251.719514727965,0.576,0.16,0.002,0.146,0.073
39,410.0,34.0,27.0,0.0,0.0,61.0,0.0,61.0,781.0,5757.0,6966.732164177894,0.612,0.116,0.0,0.193,0.049
40,501.0,251.0,998.0,0.0,2.0,1251.0,15.0,1266.0,4518.0,5158.0,6621.14772157401,0.639,0.035,0.003,0.257,0.027
41,502.0,101.0,150.0,0.0,1.0,252.0,2.0,254.0,1456.0,3754.0,5406.741251410123,1.242,0.14300000000000002,0.007,0.433,0.048
42,503.0,111.0,232.0,0.0,5.0,348.0,5.0,353.0,1697.0,2276.0,2846.317644522628,0.909,0.009,0.0,0.043,0.007
43,504.0,116.0,248.0,0.0,4.0,368.0,2.0,370.0,2186.0,1776.0,2075.0647612953067,0.861,0.022,0.0,0.084,0.009
44,505.0,67.0,168.0,0.0,2.0,237.0,0.0,237.0,680.0,945.0,1185.5461633010036,0.916,0.011,0.0,0.031,0.007
45,506.0,110.0,239.0,0.0,2.0,351.0,13.0,364.0,1809.0,2196.0,2634.3985917500486,0.899,0.025,0.002,0.048,0.007
46,507.0,133.0,349.0,0.0,2.0,484.0,5.0,489.0,2122.0,2163.0,2595.619995845525,0.898,0.026,0.002,0.049,0.007
47,508.0,94.0,308.0,0.0,4.0,406.0,4.0,410.0,1909.0,2268.0,2737.136893482034,0.851,0.011,0.002,0.1,0.014
48,509.0,147.0,291.0,0.0,3.0,441.0,9.0,450.0,2663.0,3535.0,4272.465588448799,0.804,0.017,0.001,0.121,0.023
49,510.0,90.0,195.0,0.0,1.0,286.0,3.0,289.0,1967.0,4508.0,5585.40407522052,0.673,0.037,0.002,0.204,0.032
50,511.0,83.0,236.0,0.0,5.0,324.0,4.0,328.0,1167.0,1748.0,2112.9502223399186,0.888,0.017,0.0,0.059,0.008
51,601.0,235.0,712.0,0.0,10.0,957.0,17.0,974.0,5112.0,4928.0,6336.846192531551,0.736,0.09,0.0,0.087,0.041
52,602.0,77.0,285.0,0.0,3.0,365.0,11.0,376.0,1458.0,1738.0,2517.9377665886886,0.528,0.192,0.0,0.092,0.12
53,603.0,61.0,324.0,0.0,6.0,391.0,16.0,407.0,1989.0,1334.0,1450.7951132318676,0.844,0.003,0.0,0.114,0.033
54,604.0,92.0,371.0,0.0,8.0,471.0,12.0,483.0,1923.0,1986.0,2224.3073668437946,0.905,0.014,0.0,0.06,0.011
55,605.0,82.0,334.0,0.0,8.0,424.0,31.0,455.0,1736.0,1898.0,2175.0417809930946,0.913,0.011,0.0,0.052,0.007
56,606.0,60.0,448.0,10.0,0.0,518.0,27.0,545.0,1604.0,1637.0,1846.0813328489965,0.943,0.004,0.0,0.005,0.031
57,607.0,94.0,368.0,1.0,6.0,469.0,25.0,494.0,1751.0,2086.0,2400.144805424666,0.927,0.012,0.0,0.043,0.004
58,608.0,75.0,371.0,0.0,7.0,453.0,24.0,477.0,1565.0,1367.0,1565.1564181722413,0.982,0.007,0.0,0.003,0.004
59,609.0,71.0,366.0,0.0,12.0,449.0,46.0,495.0,1505.0,1907.0,2214.1298741700407,0.974,0.011,0.0,0.005,0.001
60,701.0,86.0,414.0,0.0,5.0,505.0,32.0,537.0,1324.0,1845.0,2085.07782948138,0.971,0.008,0.0,0.007,0.009
61,702.0,82.0,439.0,0.0,6.0,527.0,30.0,557.0,1737.0,1769.0,1935.3643513553484,0.939,0.015,0.0,0.023,0.018
62,703.0,98.0,520.0,0.0,17.0,635.0,34.0,669.0,2002.0,2670.0,2880.744716959417,0.937,0.021,0.0,0.031,0.011
63,704.0,64.0,330.0,0.0,13.0,407.0,19.0,426.0,1748.0,1635.0,2063.663356001882,0.774,0.116,0.0,0.049,0.057
64,705.0,92.0,279.0,1.0,8.0,380.0,17.0,397.0,1594.0,2587.0,3146.537973244643,0.8,0.067,0.0,0.081,0.041
65,706.0,89.0,267.0,0.0,3.0,359.0,8.0,367.0,1419.0,1038.0,1470.254202933587,0.708,0.166,0.0,0.046,0.069
66,707.0,77.0,232.0,0.0,4.0,313.0,6.0,319.0,1223.0,1529.0,2410.624043378273,0.408,0.26,0.0,0.157,0.107
67,708.0,85.0,253.0,0.0,5.0,343.0,6.0,349.0,1177.0,2012.0,2457.1051801383787,0.737,0.098,0.0,0.082,0.05
68,709.0,72.0,249.0,0.0,2.0,323.0,2.0,325.0,1182.0,1103.0,1358.4216083211854,0.711,0.12,0.001,0.087,0.045
69,710.0,79.0,195.0,4.0,0.0,278.0,1.0,279.0,1361.0,1775.0,2741.2334198055155,0.245,0.562,0.008,0.069,0.085
70,801.0,106.0,227.0,0.0,1.0,334.0,3.0,337.0,1268.0,2533.0,3382.414174204273,0.582,0.134,0.006,0.146,0.077
71,802.0,210.0,332.0,0.0,8.0,550.0,7.0,557.0,2781.0,3449.0,4463.874040284977,0.509,0.183,0.009,0.159,0.081
72,803.0,165.0,89.0,0.0,2.0,256.0,3.0,259.0,1540.0,1801.0,2613.173572288652,0.191,0.542,0.01,0.034,0.162
73,804.0,108.0,87.0,0.0,0.0,195.0,0.0,195.0,695.0,931.0,1420.247749618153,0.177,0.541,0.005,0.024,0.186
74,805.0,141.0,221.0,2.0,1.0,365.0,5.0,370.0,1298.0,1300.0,2065.6964057721325,0.127,0.663,0.005,0.052,0.135
75,806.0,41.0,78.0,0.0,0.0,119.0,1.0,120.0,476.0,1422.0,2151.1169795249334,0.144,0.591,0.013,0.038,0.191
76,807.0,125.0,100.0,0.0,1.0,226.0,2.0,228.0,977.0,650.0,968.0172333764622,0.131,0.633,0.01,0.039,0.152
77,901.0,188.0,428.0,0.0,1.0,617.0,14.0,631.0,1894.0,2070.0,2777.3768364035373,0.564,0.072,0.005,0.19,0.135
78,902.0,214.0,329.0,0.0,2.0,545.0,4.0,549.0,2220.0,2194.0,2763.81347324698,0.647,0.204,0.0,0.078,0.047
79,903.0,306.0,358.0,1.0,4.0,669.0,11.0,680.0,3040.0,3504.0,4905.2036104488725,0.378,0.348,0.0,0.066,0.189
80,904.0,186.0,235.0,0.0,2.0,423.0,1.0,424.0,2123.0,3000.0,4160.54824185287,0.327,0.353,0.006,0.12,0.162
81,905.0,408.0,256.0,0.0,1.0,665.0,3.0,668.0,2035.0,3193.0,4111.376450968272,0.388,0.368,0.012,0.135,0.068
82,1001.0,80.0,175.0,0.0,1.0,256.0,3.0,259.0,964.0,877.0,1165.2188014305173,0.468,0.239,0.002,0.125,0.132
83,1002.0,76.0,107.0,0.0,1.0,184.0,1.0,185.0,944.0,1684.0,2235.3886724474696,0.548,0.16,0.005,0.171,0.089
84,1003.0,52.0,112.0,0.0,1.0,165.0,1.0,166.0,968.0,1669.0,2232.3243989952657,0.565,0.105,0.006,0.251,0.054
85,1004.0,114.0,281.0,0.0,1.0,396.0,1.0,397.0,1738.0,1258.0,1725.1535080077108,0.354,0.224,0.0,0.309,0.1
86,1005.0,118.0,118.0,0.0,2.0,238.0,3.0,241.0,1175.0,2274.0,2949.549620338168,0.531,0.201,0.001,0.179,0.07
87,1006.0,129.0,161.0,0.0,2.0,292.0,2.0,294.0,1321.0,1734.0,2639.630426061713,0.383,0.334,0.0,0.076,0.161
88,1007.0,155.0,248.0,0.0,1.0,404.0,2.0,406.0,1842.0,1762.0,2564.873934074208,0.434,0.249,0.002,0.062,0.201
89,1008.0,206.0,277.0,0.0,3.0,486.0,3.0,489.0,1814.0,2213.0,2934.476209158376,0.604,0.159,0.008,0.134,0.078
90,1009.0,266.0,273.0,0.0,1.0,540.0,5.0,545.0,2038.0,1818.0,2518.8008249725867,0.583,0.147,0.011,0.095,0.131
91,1101.0,197.0,69.0,0.0,3.0,269.0,3.0,272.0,905.0,1418.0,1892.1697719000003,0.35,0.439,0.0,0.052,0.106
92,1102.0,278.0,207.0,0.0,0.0,485.0,3.0,488.0,1542.0,1760.0,2459.7889540328874,0.183,0.525,0.011,0.021,0.193
93,1103.0,197.0,123.0,0.0,0.0,320.0,1.0,321.0,1229.0,1305.0,1827.991581338196,0.173,0.54,0.005,0.02,0.198
94,1104.0,294.0,258.0,0.0,4.0,556.0,3.0,559.0,2003.0,2269.0,3203.9708189209587,0.331,0.348,0.0,0.027,0.216
95,1105.0,230.0,223.0,0.0,1.0,454.0,5.0,459.0,1566.0,1338.0,1881.5397751419996,0.394,0.292,0.0,0.03,0.213
96,1106.0,261.0,180.0,0.0,4.0,445.0,1.0,446.0,1201.0,1443.0,2012.0593815398065,0.52,0.18,0.0,0.035,0.208
97,1107.0,339.0,187.0,0.0,3.0,529.0,0.0,529.0,1631.0,1864.0,2492.338262088369,0.578,0.179,0.002,0.044,0.147
98,1108.0,311.0,265.0,0.0,4.0,580.0,2.0,582.0,1734.0,2388.0,3292.15206261316,0.59,0.244,0.002,0.043,0.083
99,1109.0,223.0,176.0,0.0,4.0,403.0,6.0,409.0,987.0,955.0,1262.5026605145829,0.763,0.103,0.001,0.043,0.052
100,1110.0,258.0,181.0,0.0,1.0,440.0,5.0,445.0,1368.0,1042.0,1405.3966467834018,0.691,0.149,0.001,0.044,0.077
101,1201.0,340.0,195.0,1.0,4.0,540.0,3.0,543.0,1745.0,2041.0,2932.895959098337,0.076,0.657,0.04,0.013,0.144
102,1202.0,338.0,212.0,0.0,2.0,552.0,3.0,555.0,2165.0,2217.0,3537.4016928953592,0.141,0.661,0.0,0.003,0.127
103,1203.0,200.0,112.0,1.0,0.0,313.0,2.0,315.0,934.0,923.0,1268.2539544852552,0.058,0.671,0.076,0.011,0.143
104,1204.0,191.0,112.0,0.0,0.0,303.0,2.0,305.0,1153.0,1161.0,1932.913943830132,0.067,0.584,0.001,0.005,0.225
105,1205.0,126.0,120.0,0.0,1.0,247.0,3.0,250.0,687.0,730.0,1047.5369147886622,0.083,0.674,0.055,0.008,0.125
106,1206.0,161.0,138.0,0.0,2.0,301.0,4.0,305.0,910.0,1087.0,1745.804768492163,0.119,0.647,0.0,0.004,0.155
107,1207.0,376.0,260.0,0.0,0.0,636.0,1.0,637.0,2503.0,3036.0,4860.092574231919,0.16,0.558,0.003,0.005,0.164
108,1208.0,122.0,70.0,1.0,0.0,193.0,0.0,193.0,805.0,972.0,1579.0655181599634,0.149,0.681,0.0,0.0,0.08
109,1209.0,183.0,118.0,0.0,2.0,303.0,1.0,304.0,1003.0,1341.0,2181.7674252285537,0.133,0.63,0.0,0.002,0.144
110,1301.0,180.0,213.0,0.0,0.0,393.0,4.0,397.0,1513.0,1429.0,2603.985211324779,0.076,0.696,0.0,0.018,0.13
111,1302.0,63.0,67.0,0.0,0.0,130.0,0.0,130.0,607.0,648.0,1169.875184713453,0.074,0.685,0.0,0.019,0.138
112,1303.0,91.0,155.0,0.0,0.0,246.0,0.0,246.0,1282.0,1413.0,2491.506956481057,0.392,0.137,0.009,0.258,0.183
113,1304.0,127.0,108.0,0.0,2.0,237.0,3.0,240.0,1078.0,1455.0,2396.138560818312,0.109,0.588,0.0,0.016,0.224
114,1305.0,100.0,164.0,0.0,1.0,265.0,1.0,266.0,1020.0,1277.0,1928.66719045616,0.257,0.43,0.002,0.06,0.193
115,1306.0,126.0,279.0,0.0,1.0,406.0,2.0,408.0,1356.0,1352.0,2047.3631510353869,0.365,0.368,0.004,0.103,0.09
116,1307.0,102.0,367.0,0.0,1.0,470.0,5.0,475.0,1461.0,1022.0,1297.6597914897472,0.625,0.078,0.001,0.196,0.037
117,1308.0,100.0,278.0,0.0,2.0,380.0,2.0,382.0,1309.0,1462.0,1906.1480270508823,0.563,0.075,0.001,0.249,0.034
118,1309.0,98.0,304.0,0.0,0.0,402.0,1.0,403.0,1323.0,1587.0,2267.8860377214637,0.436,0.243,0.002,0.168,0.075
119,1310.0,151.0,609.0,0.0,3.0,763.0,6.0,769.0,1643.0,1784.0,2531.951247321404,0.503,0.152,0.004,0.236,0.073
120,1401.0,217.0,230.0,0.0,0.0,447.0,2.0,449.0,2544.0,2699.0,4807.386849052671,0.132,0.641,0.001,0.004,0.156
121,1402.0,319.0,269.0,0.0,1.0,589.0,3.0,592.0,2539.0,2850.0,4859.115727067318,0.119,0.718,0.004,0.007,0.114
122,1403.0,138.0,141.0,1.0,0.0,280.0,0.0,280.0,1270.0,1249.0,2220.050407163876,0.085,0.651,0.0,0.014,0.168
123,1404.0,144.0,153.0,0.0,0.0,297.0,2.0,299.0,1523.0,1716.0,2872.149905588792,0.146,0.701,0.0,0.002,0.077
124,1405.0,86.0,154.0,1.0,0.0,241.0,0.0,241.0,1074.0,1064.0,1978.524857773896,0.082,0.861,0.0,0.008,0.025
125,1406.0,147.0,123.0,0.0,0.0,270.0,2.0,272.0,1069.0,1094.0,1896.192548180827,0.073,0.658,0.0,0.017,0.2
126,1407.0,129.0,103.0,0.0,2.0,234.0,1.0,235.0,1166.0,1360.0,2401.906613933588,0.117,0.744,0.009,0.007,0.112
127,1408.0,166.0,162.0,1.0,1.0,330.0,1.0,331.0,1142.0,1166.0,1806.8962644095384,0.049,0.852,0.0,0.001,0.045
128,1409.0,95.0,130.0,2.0,0.0,227.0,0.0,227.0,1283.0,1300.0,2285.6511861212557,0.116,0.747,0.009,0.007,0.107
129,1410.0,152.0,163.0,2.0,0.0,317.0,1.0,318.0,1319.0,2165.0,3587.3237716544286,0.103,0.792,0.003,0.013,0.039
130,1411.0,137.0,125.0,0.0,1.0,263.0,0.0,263.0,1158.0,1504.0,2482.768625308237,0.097,0.795,0.003,0.012,0.04
131,1412.0,93.0,99.0,0.0,0.0,192.0,1.0,193.0,724.0,765.0,1258.4152131417864,0.104,0.804,0.002,0.012,0.034
132,1413.0,141.0,141.0,0.0,5.0,287.0,1.0,288.0,1098.0,1147.0,1860.5370421882076,0.108,0.835,0.0,0.011,0.023
133,1414.0,150.0,162.0,1.0,0.0,313.0,0.0,313.0,1226.0,1504.0,2478.820016350959,0.035,0.875,0.0,0.002,0.04
134,1501.0,130.0,150.0,1.0,0.0,281.0,0.0,281.0,1585.0,1784.0,3041.603130334118,0.125,0.577,0.003,0.026,0.208
135,1502.0,77.0,114.0,0.0,1.0,192.0,3.0,195.0,1083.0,891.0,1592.2411098078296,0.066,0.666,0.006,0.04,0.168
136,1503.0,40.0,79.0,1.0,1.0,121.0,0.0,121.0,726.0,693.0,1184.8052244704404,0.112,0.555,0.005,0.133,0.153
137,1504.0,144.0,250.0,0.0,2.0,396.0,4.0,400.0,1980.0,1930.0,3300.9697704537334,0.197,0.483,0.0,0.113,0.149
138,1505.0,112.0,174.0,0.0,1.0,287.0,4.0,291.0,1329.0,1326.0,2211.165407302975,0.144,0.643,0.005,0.104,0.073
139,1506.0,49.0,195.0,0.0,1.0,245.0,5.0,250.0,780.0,915.0,1342.2989547360403,0.334,0.29,0.001,0.297,0.067
140,1507.0,114.0,147.0,0.0,0.0,261.0,1.0,262.0,1082.0,810.0,1505.3334275278762,0.103,0.62,0.003,0.126,0.106
141,1508.0,83.0,163.0,0.0,1.0,247.0,2.0,249.0,978.0,1083.0,1674.4988186009082,0.197,0.551,0.005,0.164,0.062
142,1509.0,109.0,154.0,0.0,1.0,264.0,2.0,266.0,1032.0,1246.0,2155.8633991454435,0.149,0.527,0.002,0.196,0.096
143,1601.0,108.0,178.0,0.0,3.0,289.0,1.0,290.0,1142.0,1145.0,1642.8543125510694,0.293,0.311,0.002,0.293,0.079
144,1602.0,49.0,250.0,0.0,1.0,300.0,3.0,303.0,872.0,2887.0,4102.93551697797,0.343,0.205,0.003,0.363,0.078
145,1603.0,153.0,235.0,0.0,0.0,388.0,0.0,388.0,1462.0,1181.0,1827.304348598728,0.266,0.542,0.0,0.112,0.047
146,1604.0,106.0,253.0,0.0,2.0,361.0,1.0,362.0,1293.0,1093.0,1556.6163706524808,0.366,0.289,0.001,0.219,0.068
147,1605.0,82.0,328.0,0.0,4.0,414.0,3.0,417.0,1408.0,1390.0,1989.4028051743824,0.341,0.253,0.002,0.294,0.076
148,1606.0,190.0,333.0,0.0,0.0,523.0,3.0,526.0,1827.0,1556.0,2168.228168290588,0.436,0.317,0.0,0.12,0.051
149,1607.0,79.0,469.0,0.0,5.0,553.0,3.0,556.0,1239.0,2035.0,2863.6934626005877,0.412,0.324,0.0,0.126,0.057
150,1608.0,105.0,485.0,0.0,2.0,592.0,4.0,596.0,1409.0,841.0,1093.0603112153117,0.622,0.244,0.0,0.088,0.013
151,1609.0,63.0,585.0,0.0,8.0,656.0,14.0,670.0,1498.0,896.0,1164.1488259958612,0.904,0.026,0.0,0.052,0.002
152,1610.0,52.0,380.0,0.0,3.0,435.0,7.0,442.0,1341.0,1107.0,1365.41624215168,0.824,0.07,0.0,0.081,0.005
153,1611.0,97.0,491.0,0.0,5.0,593.0,10.0,603.0,1466.0,1963.0,2550.0279172231567,0.648,0.224,0.0,0.085,0.012
154,1612.0,34.0,653.0,0.0,3.0,690.0,8.0,698.0,1192.0,1789.0,2325.846199534423,0.904,0.025,0.0,0.052,0.002
155,1701.0,130.0,135.0,0.0,0.0,265.0,1.0,266.0,1209.0,1408.0,2308.3605266654663,0.147,0.735,0.004,0.029,0.055
156,1702.0,95.0,111.0,0.0,2.0,208.0,1.0,209.0,826.0,1003.0,1575.7236846452554,0.172,0.632,0.006,0.11,0.056
157,1703.0,247.0,288.0,0.0,1.0,536.0,2.0,538.0,1821.0,1977.0,3129.034371888787,0.182,0.657,0.004,0.078,0.056
158,1704.0,229.0,399.0,0.0,1.0,629.0,8.0,637.0,1827.0,2487.0,3821.404384612846,0.235,0.556,0.006,0.083,0.07
159,1705.0,100.0,96.0,0.0,0.0,196.0,0.0,196.0,877.0,996.0,1605.4675183111272,0.209,0.657,0.002,0.061,0.042
160,1706.0,188.0,192.0,0.0,0.0,380.0,4.0,384.0,1336.0,1169.0,1719.8940950508008,0.277,0.463,0.0,0.163,0.062
161,1707.0,94.0,91.0,0.0,1.0,186.0,1.0,187.0,728.0,1100.0,1745.0156318935667,0.05,0.833,0.0,0.026,0.027
162,1708.0,166.0,159.0,1.0,1.0,327.0,1.0,328.0,1210.0,1608.0,2537.711948808655,0.255,0.575,0.0,0.088,0.045
163,1709.0,148.0,193.0,0.0,0.0,341.0,4.0,345.0,904.0,1157.0,1824.263370777512,0.254,0.574,0.0,0.088,0.047
164,1710.0,206.0,224.0,2.0,0.0,432.0,0.0,432.0,1672.0,1770.0,2794.479089769663,0.099,0.758,0.0,0.042,0.039
165,1711.0,92.0,76.0,0.0,1.0,169.0,2.0,171.0,633.0,632.0,986.9357665298973,0.229,0.562,0.001,0.082,0.071
166,1712.0,121.0,202.0,0.0,0.0,323.0,1.0,324.0,929.0,955.0,1455.5858823175054,0.161,0.671,0.01,0.059,0.049
167,1713.0,133.0,376.0,0.0,5.0,514.0,4.0,518.0,1251.0,1968.0,2610.7638132541024,0.54,0.31,0.006,0.088,0.025
168,1714.0,178.0,298.0,0.0,1.0,477.0,6.0,483.0,1300.0,1241.0,1771.9930425405018,0.265,0.531,0.027,0.086,0.064
169,1801.0,252.0,351.0,0.0,4.0,607.0,4.0,611.0,2168.0,2882.0,4433.767931713371,0.122,0.764,0.007,0.042,0.039
170,1802.0,152.0,227.0,0.0,2.0,381.0,1.0,382.0,1456.0,1706.0,3033.186442080201,0.072,0.857,0.0,0.017,0.028
171,1803.0,257.0,228.0,1.0,0.0,486.0,0.0,486.0,1721.0,1902.0,3439.6337635968266,0.062,0.876,0.0,0.004,0.018
172,1804.0,193.0,250.0,0.0,0.0,443.0,2.0,445.0,1753.0,1901.0,3048.4444048853984,0.066,0.856,0.0,0.016,0.021
173,1805.0,236.0,308.0,0.0,0.0,544.0,1.0,545.0,1728.0,1395.0,2193.596050371483,0.119,0.737,0.006,0.004,0.095
174,1806.0,288.0,310.0,0.0,0.0,598.0,1.0,599.0,1935.0,1577.0,2479.946384705355,0.119,0.737,0.006,0.004,0.095
175,1807.0,170.0,278.0,0.0,2.0,450.0,1.0,451.0,1494.0,2229.0,3334.141980897061,0.374,0.456,0.006,0.013,0.105
176,1808.0,269.0,418.0,1.0,2.0,690.0,2.0,692.0,2617.0,3475.0,5449.2961570295765,0.156,0.682,0.005,0.005,0.108
177,1809.0,165.0,328.0,0.0,3.0,496.0,3.0,499.0,1472.0,1844.0,2503.7730854659767,0.545,0.313,0.001,0.015,0.065
178,1810.0,276.0,465.0,0.0,6.0,747.0,4.0,751.0,2081.0,2299.0,3200.884083235852,0.633,0.188,0.009,0.029,0.083
179,1811.0,126.0,220.0,0.0,2.0,348.0,2.0,350.0,1418.0,1597.0,2513.737534171609,0.331,0.529,0.0,0.021,0.075
180,1812.0,135.0,330.0,0.0,7.0,472.0,8.0,480.0,1530.0,1845.0,2558.652843971231,0.483,0.386,0.007,0.0,0.057
181,1813.0,92.0,157.0,0.0,0.0,249.0,1.0,250.0,916.0,1060.0,1615.9768213122768,0.233,0.551,0.0,0.005,0.152
182,1814.0,95.0,167.0,0.0,0.0,262.0,0.0,262.0,1040.0,1131.0,1526.354737803032,0.496,0.367,0.0,0.004,0.089
183,1815.0,137.0,271.0,0.0,1.0,409.0,4.0,413.0,1460.0,1736.0,2645.634245673397,0.231,0.551,0.0,0.006,0.153
184,1816.0,143.0,512.0,0.0,10.0,665.0,10.0,675.0,1636.0,2473.0,3550.36357791749,0.422,0.359,0.0,0.042,0.122
185,1817.0,126.0,377.0,0.0,4.0,507.0,3.0,510.0,1565.0,1760.0,2525.156220738227,0.43,0.349,0.0,0.045,0.121
186,1818.0,156.0,456.0,0.0,2.0,614.0,6.0,620.0,1977.0,2404.0,3573.366036154325,0.329,0.458,0.0,0.025,0.13
187,1819.0,237.0,483.0,0.0,3.0,723.0,6.0,729.0,2526.0,2922.0,4386.244259833385,0.401,0.468,0.0,0.032,0.064
188,1820.0,162.0,585.0,0.0,6.0,753.0,13.0,766.0,2037.0,2466.0,3669.1188392263584,0.435,0.374,0.0,0.055,0.086
189,1821.0,271.0,271.0,0.0,1.0,543.0,2.0,545.0,1983.0,1998.0,3284.9137375490213,0.05,0.884,0.0,0.002,0.01
190,1822.0,177.0,445.0,0.0,4.0,626.0,5.0,631.0,1661.0,2208.0,2859.5158620453976,0.592,0.299,0.0,0.004,0.066
191,1823.0,111.0,226.0,0.0,1.0,338.0,0.0,338.0,1386.0,1080.0,1766.6377038430644,0.366,0.495,0.0,0.049,0.051
192,1901.0,276.0,209.0,0.0,2.0,487.0,1.0,488.0,1344.0,1336.0,1646.6656814592168,0.722,0.078,0.0,0.04,0.115
193,1902.0,245.0,395.0,0.0,1.0,641.0,9.0,650.0,1529.0,1949.0,2486.289006198807,0.858,0.047,0.001,0.062,0.003
194,1903.0,199.0,232.0,0.0,1.0,432.0,4.0,436.0,1071.0,1461.0,1806.1463811485137,0.808,0.061,0.001,0.046,0.039
195,1904.0,318.0,313.0,0.0,1.0,632.0,2.0,634.0,1537.0,1757.0,2220.213606239725,0.716,0.079,0.002,0.053,0.103
196,1905.0,245.0,271.0,0.0,4.0,520.0,5.0,525.0,1306.0,1300.0,1631.2093647141362,0.831,0.051,0.001,0.049,0.018
197,1906.0,389.0,347.0,0.0,1.0,737.0,5.0,742.0,1736.0,1941.0,2380.969328875416,0.833,0.055,0.002,0.045,0.017
198,1907.0,321.0,252.0,0.0,1.0,574.0,3.0,577.0,1735.0,3057.0,4465.2777251991465,0.561,0.311,0.002,0.033,0.065
199,1908.0,168.0,162.0,0.0,0.0,330.0,3.0,333.0,843.0,828.0,1154.388255693984,0.817,0.036,0.0,0.067,0.025
200,1909.0,154.0,154.0,0.0,0.0,308.0,2.0,310.0,830.0,878.0,1183.05728254138,0.797,0.073,0.0,0.049,0.038
201,1910.0,247.0,342.0,0.0,6.0,595.0,5.0,600.0,1698.0,2173.0,3045.9275563958267,0.556,0.283,0.007,0.027,0.083
202,1911.0,182.0,207.0,0.0,0.0,389.0,0.0,389.0,1624.0,1288.0,1854.5808250746447,0.57,0.301,0.002,0.034,0.066
203,1912.0,182.0,275.0,0.0,4.0,461.0,5.0,466.0,1186.0,969.0,1374.6125264921548,0.525,0.336,0.008,0.027,0.073
204,1913.0,141.0,187.0,0.0,0.0,328.0,1.0,329.0,1102.0,1294.0,1863.9557987188991,0.481,0.363,0.009,0.031,0.092
205,2001.0,166.0,378.0,0.0,2.0,546.0,7.0,553.0,1524.0,1646.0,2006.833426924503,0.885,0.033,0.0,0.035,0.021
206,2002.0,232.0,321.0,0.0,8.0,561.0,5.0,566.0,1626.0,1911.0,2651.480500636345,0.715,0.107,0.012,0.035,0.086
207,2003.0,137.0,348.0,0.0,5.0,490.0,10.0,500.0,1674.0,2626.0,4149.047866984668,0.417,0.437,0.0,0.06,0.054
208,2004.0,256.0,282.0,0.0,3.0,541.0,5.0,546.0,1208.0,1535.0,1868.6510831415785,0.887,0.034,0.0,0.034,0.022
209,2005.0,112.0,460.0,0.0,8.0,580.0,7.0,587.0,1576.0,2714.0,3735.7900050425706,0.766,0.071,0.0,0.107,0.036
210,2006.0,144.0,495.0,0.0,14.0,653.0,14.0,667.0,1663.0,1941.0,2583.6529639953355,0.824,0.018,0.0,0.084,0.013
211,2007.0,123.0,292.0,0.0,3.0,418.0,5.0,423.0,1001.0,1215.0,1527.3068522625078,0.882,0.032,0.001,0.039,0.021
212,2008.0,139.0,277.0,0.0,2.0,418.0,2.0,420.0,1200.0,1295.0,1669.114980982541,0.849,0.029,0.0,0.015,0.071
213,2009.0,144.0,308.0,0.0,5.0,457.0,9.0,466.0,1332.0,1738.0,2343.0393091909045,0.777,0.067,0.006,0.022,0.087
214,2010.0,168.0,521.0,0.0,5.0,694.0,15.0,709.0,1914.0,1825.0,2457.835973029677,0.805,0.085,0.0,0.069,0.038
215,2011.0,111.0,216.0,0.0,3.0,330.0,7.0,337.0,775.0,728.0,971.7670528217028,0.87,0.049,0.0,0.054,0.026
216,2012.0,83.0,333.0,0.0,5.0,421.0,6.0,427.0,1057.0,1246.0,1662.5939764793438,0.876,0.026,0.002,0.045,0.018
217,2013.0,83.0,276.0,0.0,7.0,366.0,9.0,375.0,966.0,693.0,921.139122544981,0.86,0.029,0.002,0.053,0.019
218,2014.0,85.0,315.0,0.0,14.0,414.0,12.0,426.0,933.0,1023.0,1367.4930298696547,0.87,0.049,0.0,0.054,0.026
219,2015.0,111.0,472.0,0.0,6.0,589.0,14.0,603.0,1846.0,1629.0,2394.5571647111155,0.579,0.261,0.0,0.087,0.05
220,2016.0,95.0,499.0,0.0,10.0,604.0,13.0,617.0,1848.0,1403.0,1952.0288304455344,0.809,0.024,0.0,0.116,0.023
221,2017.0,134.0,556.0,0.0,6.0,696.0,7.0,703.0,1966.0,3681.0,4807.525338648023,0.801,0.041,0.0,0.084,0.022
222,2018.0,85.0,272.0,0.0,9.0,366.0,9.0,375.0,998.0,1024.0,1367.5584422675165,0.876,0.027,0.002,0.045,0.018
223,2019.0,81.0,308.0,0.0,7.0,396.0,11.0,407.0,996.0,730.0,971.5631423898172,0.847,0.025,0.001,0.065,0.016
224,2020.0,122.0,411.0,0.0,9.0,542.0,13.0,555.0,1777.0,1380.0,1807.2725646093656,0.811,0.039,0.0,0.079,0.021
225,2101.0,92.0,147.0,0.0,0.0,239.0,0.0,239.0,1774.0,3059.0,4016.756997291724,0.668,0.037,0.006,0.218,0.021
226,2102.0,24.0,25.0,0.0,0.0,49.0,0.0,49.0,1143.0,3272.0,4288.437958344318,0.646,0.043,0.002,0.24,0.026
227,2103.0,74.0,61.0,0.0,0.0,135.0,0.0,135.0,1356.0,1725.0,2433.7397708211024,0.577,0.047,0.002,0.276,0.066
228,2104.0,72.0,58.0,0.0,0.0,130.0,4.0,134.0,1044.0,1177.0,1619.4747983135328,0.579,0.058,0.006,0.207,0.13
229,2105.0,124.0,115.0,0.0,1.0,240.0,3.0,243.0,1585.0,1881.0,3178.8157339894083,0.489,0.081,0.0,0.321,0.071
230,2106.0,121.0,160.0,0.0,2.0,283.0,1.0,284.0,1101.0,1566.0,2173.61061163255,0.622,0.053,0.003,0.199,0.1
231,2107.0,119.0,133.0,0.0,1.0,253.0,0.0,253.0,1491.0,1551.0,2371.794746345953,0.55,0.078,0.005,0.252,0.086
232,2108.0,142.0,119.0,0.0,0.0,261.0,0.0,261.0,1759.0,2059.0,2706.929439718237,0.654,0.084,0.009,0.192,0.028
233,2109.0,128.0,133.0,0.0,2.0,263.0,1.0,264.0,1772.0,2959.0,4158.791885005992,0.603,0.064,0.01,0.195,0.109
234,2110.0,100.0,210.0,0.0,4.0,314.0,5.0,319.0,1487.0,1404.0,1823.676525880008,0.717,0.033,0.011,0.182,0.032
235,2111.0,127.0,168.0,0.0,1.0,296.0,2.0,298.0,1715.0,2094.0,2672.629160312633,0.752,0.035,0.0,0.168,0.017
236,2112.0,129.0,228.0,0.0,5.0,362.0,4.0,366.0,1650.0,1871.0,2376.5986448860717,0.741,0.03,0.012,0.178,0.012
237,2113.0,113.0,418.0,0.0,0.0,531.0,6.0,537.0,2040.0,2639.0,3331.111261156977,0.754,0.032,0.002,0.158,0.019
238,2114.0,76.0,77.0,0.0,1.0,154.0,3.0,157.0,996.0,964.0,1206.4338834776051,0.749,0.029,0.011,0.171,0.014
239,2115.0,103.0,110.0,0.0,0.0,213.0,0.0,213.0,1235.0,861.0,1031.2304583862876,0.769,0.026,0.007,0.129,0.023
240,2116.0,108.0,215.0,0.0,1.0,324.0,3.0,327.0,1553.0,4774.0,5411.723850709563,0.807,0.025,0.002,0.116,0.029
241,2201.0,186.0,240.0,0.0,2.0,428.0,1.0,429.0,1923.0,6618.0,8766.089705585624,0.605,0.073,0.002,0.219,0.061
242,2202.0,236.0,268.0,0.0,3.0,507.0,6.0,513.0,2322.0,2187.0,3007.167316863044,0.588,0.064,0.004,0.205,0.118
243,2203.0,153.0,267.0,0.0,2.0,422.0,7.0,429.0,1891.0,2444.0,3239.042262813673,0.722,0.045,0.0,0.135,0.067
244,2204.0,95.0,242.0,0.0,5.0,342.0,5.0,347.0,1232.0,1342.0,1746.6280564106132,0.698,0.089,0.0,0.132,0.057
245,2205.0,79.0,129.0,0.0,2.0,210.0,3.0,213.0,1132.0,1631.0,2265.377180600134,0.601,0.076,0.0,0.212,0.09
246,2206.0,83.0,159.0,0.0,3.0,245.0,3.0,248.0,1088.0,1078.0,1335.317849612797,0.718,0.039,0.0,0.147,0.073
247,2207.0,125.0,295.0,0.0,2.0,422.0,5.0,427.0,1605.0,1760.0,2216.5287080564794,0.75,0.059,0.0,0.096,0.053
248,2208.0,77.0,213.0,0.0,0.0,290.0,5.0,295.0,1282.0,2427.0,3215.1036726301195,0.728,0.049,0.0,0.143,0.043
249,2209.0,99.0,177.0,0.0,3.0,279.0,5.0,284.0,1328.0,1185.0,1521.485286016828,0.766,0.017,0.0,0.128,0.041
250,2210.0,149.0,237.0,0.0,2.0,388.0,3.0,391.0,1455.0,1904.0,2603.5399349943496,0.726,0.056,0.0,0.113,0.063
251,2211.0,90.0,168.0,0.0,2.0,260.0,5.0,265.0,1041.0,2046.0,2548.658136712654,0.754,0.058,0.0,0.087,0.058
252,2212.0,84.0,196.0,0.0,2.0,282.0,2.0,284.0,1200.0,2052.0,2984.7423319590707,0.678,0.063,0.0,0.132,0.09
253,2213.0,77.0,176.0,0.0,1.0,254.0,8.0,262.0,930.0,1182.0,1415.4183526842066,0.72,0.094,0.0,0.087,0.077
