WP,Ward,Precinct,,MARTIN J KEOGH,"JACK F KELLY, III",ANNISSA ESSAIBI GEORGE,MICHAEL F FLAHERTY,AYANNA S PRESSLEY,MICHELLE WU,STEPHEN J MURPHY,JEFFREY MICHAEL ROSS,ALL OTHERS,VOTES CAST,BLANKS,BALLOTS CAST,Registered Voters,Total,White,Black or African American,American Indian and Alaska Native,Asian,Native Hawaiian and Other Pacific Islander,Some Other Race,Two or More Races,Total.1,White (alone),Black or African American (alone),Hispanic or Latino (alone),American Indian and Alaska Native (alone),Asian (alone),Native Hawaiian and Other Pacific Islander (alone),Some Other Race/Ethnicity (alone),Two or More Races/Ethnicities  (alone),Black Percentage,Native American Percentage,Asian Percentage,Native Hawaiian/Pacific Islander Percentage,Other Race Percentage,Two or more races Percentage,Hispanic Percentage,White Percentage,White plurality (Y/N),Black plurality (Y/N),Hispanic plurality (Y/N),Asian plurality (Y/N),Year
101,101,101,0,66,139,140,264,204,240,156,131,8,1348,1224,643,1236,1717,1369,55,7,49,4,173,60,1717,1074,38,503,3,45,0,27,27,3.203261503,0.407687828,2.853814793,0.232964473,10.07571345,3.494467094,29.29528247,79.73209086,Y,N,N,N,2013
102,102,102,1,58,72,64,169,123,124,116,76,6,808,920,432,952,2071,1520,61,3,42,0,351,94,2071,828,40,1073,2,42,0,53,33,2.945436987,0.144857557,2.028005794,0,16.94833414,4.538870111,51.81071946,73.39449541,Y,N,N,N,2013
103,103,103,2,135,133,180,332,274,329,230,182,6,1801,1655,864,1965,3179,1989,278,10,228,0,494,180,3179,1275,212,1314,5,227,0,57,89,8.74488833,0.314564328,7.172066688,0,15.53947782,5.662157911,41.33375275,62.56684492,Y,N,N,N,2013
104,104,104,3,36,45,42,111,71,85,67,35,7,499,657,289,655,1884,1097,57,12,38,1,555,124,1884,512,43,1203,6,37,0,59,24,3.025477707,0.636942675,2.016985138,0.053078556,29.45859873,6.581740977,63.85350318,58.22717622,N,N,Y,N,2013
105,105,105,4,69,81,99,202,142,144,133,80,13,963,865,457,1074,2888,1659,77,22,76,5,896,153,2888,969,47,1664,1,74,0,93,40,2.666204986,0.761772853,2.631578947,0.173130194,31.02493075,5.297783934,57.61772853,57.44459834,N,N,Y,N,2013
106,106,106,5,62,78,87,166,104,107,88,80,3,775,877,413,915,2507,1488,78,16,61,1,749,114,2507,807,59,1479,5,61,0,60,36,3.111288393,0.638213004,2.433187076,0.039888313,29.87634623,4.547267651,58.99481452,59.35380933,Y,N,N,N,2013
107,107,107,6,57,74,110,173,138,137,118,90,4,901,935,459,1109,2388,1407,108,11,72,0,652,138,2388,709,76,1451,6,72,0,43,31,4.522613065,0.460636516,3.015075377,0,27.30318258,5.778894472,60.76214405,58.91959799,N,N,Y,N,2013
108,108,108,7,103,106,139,224,159,197,157,108,6,1199,1277,619,1618,2902,1700,119,18,191,0,723,151,2902,912,76,1669,5,188,0,8,44,4.100620262,0.620261888,6.581667815,0,24.91385252,5.203308063,57.51206065,58.58028946,Y,N,N,N,2013
109,109,109,8,61,86,97,149,92,108,108,71,9,781,843,406,945,2086,1387,63,8,41,0,496,91,2086,734,44,1216,1,38,0,30,23,3.020134228,0.383509108,1.96548418,0,23.77756472,4.362416107,58.29338447,66.49089166,Y,N,N,N,2013
110,110,110,9,29,44,49,92,67,78,68,38,0,465,523,247,645,1862,1176,43,8,64,1,473,97,1862,552,38,1165,0,62,1,38,6,2.309344791,0.429645542,3.437164339,0.053705693,25.4027927,5.209452202,62.56713212,63.15789474,Y,N,N,N,2013
111,111,111,10,102,200,133,330,150,183,243,98,7,1446,1618,766,1345,2722,2141,79,13,87,2,337,63,2722,1610,57,923,0,87,1,19,25,2.902277737,0.477590007,3.19617928,0.073475386,12.3806025,2.314474651,33.90889052,78.65540044,Y,N,N,N,2013
112,112,112,11,136,230,181,328,159,182,253,91,5,1565,1571,784,1305,1833,1516,33,10,49,0,175,50,1833,1231,26,476,8,49,0,24,19,1.800327332,0.545553737,2.673213312,0,9.547190398,2.727768685,25.96835788,82.70594654,Y,N,N,N,2013
113,113,113,12,135,188,148,379,196,244,269,134,9,1702,1982,921,1790,2624,1792,226,10,99,0,392,105,2624,1192,178,1099,5,95,0,28,27,8.612804878,0.381097561,3.772865854,0,14.93902439,4.00152439,41.88262195,68.29268293,Y,N,N,N,2013
114,114,114,13,57,114,93,214,107,136,155,61,1,938,1094,508,970,820,717,21,1,37,1,29,14,820,613,16,145,0,36,1,1,8,2.56097561,0.12195122,4.512195122,0.12195122,3.536585366,1.707317073,17.68292683,87.43902439,Y,N,N,N,2013
115,115,115,14,0,1,1,1,4,2,1,1,0,11,29,10,148,530,208,217,2,7,1,78,17,530,165,204,130,2,7,1,13,8,40.94339623,0.377358491,1.320754717,0.188679245,14.71698113,3.20754717,24.52830189,39.24528302,N,Y,N,N,2013
201,201,201,15,72,601,115,376,276,277,232,132,2,2083,1609,923,1943,1690,1606,11,0,51,1,15,6,1690,1586,9,36,0,51,1,1,6,0.650887574,0,3.017751479,0.059171598,0.887573964,0.355029586,2.130177515,95.0295858,Y,N,N,N,2013
202,202,202,16,119,487,122,421,268,321,239,153,6,2136,1656,948,2757,3716,2422,367,11,602,7,220,87,3716,2182,309,540,5,601,7,22,50,9.87621098,0.296017223,16.20021529,0.188374596,5.920344456,2.341227126,14.53175457,65.17761033,Y,N,N,N,2013
203,203,203,17,67,467,99,293,288,314,195,140,1,1864,1180,761,1550,1652,1594,7,3,24,0,6,18,1652,1576,7,27,3,23,0,1,15,0.423728814,0.181598063,1.452784504,0,0.363196126,1.089588378,1.634382567,96.48910412,Y,N,N,N,2013
204,204,204,18,89,374,61,251,170,182,156,75,6,1364,1036,600,1478,1457,1040,132,5,146,0,90,44,1457,966,100,230,0,145,0,3,13,9.059711736,0.343170899,10.02059025,0,6.177076184,3.019903912,15.78586136,71.37954701,Y,N,N,N,2013
205,205,205,19,74,550,58,335,221,201,192,84,2,1717,1199,729,1603,1602,1561,6,0,22,1,3,9,1602,1548,6,18,0,21,0,1,8,0.374531835,0,1.373283396,0.062421973,0.187265918,0.561797753,1.123595506,97.44069913,Y,N,N,N,2013
206,206,206,20,98,773,76,390,271,256,249,114,5,2232,1808,1010,1989,2278,2014,40,3,161,1,29,30,2278,1968,34,94,2,160,1,1,18,1.755926251,0.131694469,7.067603161,0.043898156,1.273046532,1.316944688,4.12642669,88.41088674,Y,N,N,N,2013
207,207,207,21,65,449,50,265,149,159,178,65,4,1384,960,586,1348,1359,1256,26,0,63,0,5,9,1359,1230,25,28,0,63,0,4,9,1.91317145,0,4.635761589,0,0.367917586,0.662251656,2.060338484,92.42089772,Y,N,N,N,2013
301,301,301,22,190,306,198,556,430,615,485,329,17,3126,2330,1364,3387,3998,3619,129,8,137,0,50,55,3998,3522,125,156,6,136,0,7,46,3.226613307,0.20010005,3.426713357,0,1.250625313,1.375687844,3.901950975,90.52026013,Y,N,N,N,2013
302,302,302,23,76,113,82,257,178,225,176,129,11,1247,949,549,1587,1866,1771,20,1,44,1,20,9,1866,1719,16,71,1,43,1,6,9,1.071811361,0.053590568,2.357984995,0.053590568,1.071811361,0.482315113,3.804930332,94.90889603,Y,N,N,N,2013
303,303,303,24,63,80,70,212,158,188,145,83,6,1005,883,472,1549,2362,2234,13,6,68,0,19,22,2362,2177,12,74,5,67,0,6,21,0.550381033,0.254022015,2.878916173,0,0.804403048,0.931414056,3.132938188,94.58086367,Y,N,N,N,2013
304,304,304,25,72,113,97,239,140,229,150,105,11,1156,1128,571,1643,1910,1823,14,6,37,2,9,19,1910,1766,14,69,5,37,2,4,13,0.732984293,0.314136126,1.937172775,0.104712042,0.471204188,0.994764398,3.612565445,95.44502618,Y,N,N,N,2013
305,305,305,26,114,137,138,381,376,521,314,309,15,2305,1399,926,2761,4660,3353,541,4,640,0,49,73,4660,3006,536,404,4,637,0,9,64,11.60944206,0.08583691,13.73390558,0,1.051502146,1.566523605,8.669527897,71.9527897,Y,N,N,N,2013
306,306,306,27,136,197,179,361,482,594,312,353,15,2629,1795,1106,3957,5373,4484,246,11,455,3,79,95,5373,4291,226,284,10,454,3,18,87,4.578447795,0.20472734,8.468267262,0.055834729,1.470314536,1.768099758,5.285687698,83.45430858,Y,N,N,N,2013
307,307,307,28,119,149,241,477,647,886,391,511,12,3433,2159,1398,3800,3951,2911,233,10,629,0,96,72,3951,2788,210,262,7,627,0,9,48,5.897241205,0.253100481,15.92002025,0,2.429764617,1.822323462,6.631232599,73.67754999,Y,N,N,N,2013
308,308,308,29,154,208,108,327,447,761,196,255,8,2464,2872,1334,4290,7821,3585,377,4,3598,4,103,150,7821,3347,351,386,4,3594,3,15,121,4.820355453,0.051144355,46.00434727,0.051144355,1.31696714,1.91791331,4.935430252,45.83812812,N,N,N,Y,2013
401,401,401,30,53,100,152,228,389,561,263,299,4,2049,1203,813,1892,2011,1736,70,4,129,0,35,37,2011,1667,64,102,4,129,0,18,27,3.480855296,0.198906017,6.414719045,0,1.740427648,1.839880656,5.072103431,86.32521134,Y,N,N,N,2013
402,402,402,31,84,122,131,261,394,626,231,288,5,2142,1722,966,2897,3532,2541,390,8,468,0,54,71,3532,2397,375,212,7,466,0,11,64,11.0419026,0.226500566,13.25028313,0,1.528878822,2.010192525,6.002265006,71.94224236,Y,N,N,N,2013
403,403,403,32,23,51,94,152,267,409,163,194,4,1357,803,540,1270,1337,985,211,2,81,0,27,31,1337,938,200,93,2,81,0,2,21,15.7816006,0.149588631,6.058339566,0,2.019446522,2.318623785,6.955871354,73.6724009,Y,N,N,N,2013
404,404,404,33,69,80,114,234,372,520,205,282,18,1894,890,696,1929,2256,1625,358,5,143,1,54,70,2256,1520,337,199,3,143,1,8,45,15.86879433,0.221631206,6.338652482,0.044326241,2.393617021,3.102836879,8.820921986,72.03014184,Y,N,N,N,2013
405,405,405,34,66,68,73,147,198,256,144,157,4,1113,807,480,1594,2953,2098,294,5,448,1,47,60,2953,1947,282,215,5,445,1,7,51,9.955976973,0.169319336,15.17101253,0.033863867,1.591601761,2.031832035,7.28073146,71.0463935,Y,N,N,N,2013
406,406,406,35,50,57,47,132,144,190,99,150,6,875,685,390,1339,2498,1639,235,9,437,0,84,94,2498,1494,222,264,8,437,0,14,59,9.407526021,0.360288231,17.4939952,0,3.362690152,3.763010408,10.56845476,65.61248999,Y,N,N,N,2013
407,407,407,36,29,36,66,105,175,212,87,131,0,841,487,332,1474,4109,2808,291,10,745,2,114,139,4109,2631,276,329,6,742,2,12,111,7.082015089,0.243368216,18.1309321,0.048673643,2.774397664,3.382818204,8.00681431,68.33779508,Y,N,N,N,2013
408,408,408,37,50,55,44,110,120,149,95,104,4,731,465,299,1529,4521,3301,284,8,701,2,111,114,4521,3106,266,331,6,696,1,20,95,6.281796063,0.176952002,15.50541916,0.044238,2.455209025,2.521566025,7.321389073,73.01481973,Y,N,N,N,2013
409,409,409,38,19,18,16,48,63,52,26,40,2,284,344,157,1194,4347,3085,411,13,450,3,223,162,4347,2822,368,573,6,447,3,9,119,9.454796411,0.299056821,10.35196687,0.069013112,5.129974695,3.726708075,13.18150449,70.96848401,Y,N,N,N,2013
410,410,410,39,13,13,20,25,38,49,22,19,4,203,105,77,840,5545,4247,359,6,601,5,155,172,5545,4098,328,350,3,592,4,19,151,6.474301172,0.108205591,10.83859333,0.090171326,2.795311091,3.101893598,6.311992786,76.5915239,Y,N,N,N,2013
501,501,501,40,140,246,176,421,728,942,372,454,9,3488,3000,1622,4416,6467,4012,300,8,1921,1,103,122,6467,3858,277,288,7,1920,1,18,98,4.638936137,0.123704964,29.7046544,0.01546312,1.592701407,1.886500696,4.453378692,62.03803928,Y,N,N,N,2013
502,502,502,41,24,36,36,71,119,120,64,85,2,557,423,245,1307,4207,3131,194,8,606,2,130,136,4207,2904,178,401,5,601,2,11,105,4.611362016,0.190159258,14.40456382,0.047539815,3.090087949,3.232707392,9.531732826,74.42357975,Y,N,N,N,2013
503,503,503,42,53,114,96,243,350,390,185,306,4,1741,1127,717,1703,1873,1744,20,0,92,0,8,9,1873,1695,17,58,0,92,0,3,8,1.067805659,0,4.911906033,0,0.427122264,0.480512547,3.096636412,93.1126535,Y,N,N,N,2013
504,504,504,43,75,91,82,216,283,337,191,209,4,1488,1260,687,2219,2702,2405,70,2,153,1,29,42,2702,2324,68,106,2,152,1,12,37,2.590673575,0.074019245,5.662472243,0.037009623,1.073279053,1.554404145,3.923019985,89.00814212,Y,N,N,N,2013
505,505,505,44,29,43,40,104,125,177,90,134,5,747,561,327,660,677,636,4,1,21,0,1,14,677,624,4,17,1,21,0,1,9,0.59084195,0.147710487,3.101920236,0,0.147710487,2.067946824,2.511078287,93.94387001,Y,N,N,N,2013
506,506,506,45,56,101,67,196,262,340,187,251,8,1468,1052,630,1753,2212,1965,77,3,114,0,21,32,2212,1896,65,104,3,114,0,4,26,3.481012658,0.13562387,5.153707052,0,0.949367089,1.446654611,4.701627486,88.83363472,Y,N,N,N,2013
507,507,507,46,77,121,99,239,290,401,209,287,8,1731,1281,753,2185,2626,2323,54,2,175,1,26,45,2626,2231,50,126,2,175,1,3,38,2.056359482,0.076161462,6.664127951,0.038080731,0.99009901,1.713632902,4.798172125,88.46153846,Y,N,N,N,2013
508,508,508,47,63,94,115,217,302,397,203,300,8,1699,933,658,1974,2585,2200,65,1,214,0,34,71,2585,2108,63,125,1,212,0,15,61,2.51450677,0.03868472,8.278529981,0,1.315280464,2.746615087,4.835589942,85.10638298,Y,N,N,N,2013
509,509,509,48,58,89,116,227,317,406,217,272,11,1713,1151,716,2854,4112,3372,89,3,513,0,53,82,4112,3174,84,262,3,506,0,13,70,2.164396887,0.072957198,12.47568093,0,1.288910506,1.994163424,6.371595331,82.00389105,Y,N,N,N,2013
510,510,510,49,46,73,55,134,155,194,126,157,9,949,735,421,2180,6184,4078,207,15,1529,0,110,245,6184,3749,197,478,12,1517,0,21,210,3.347347995,0.242561449,24.72509702,0,1.778783959,3.961836999,7.729624838,65.94437257,Y,N,N,N,2013
511,511,511,50,45,93,56,163,235,275,146,185,5,1203,861,516,1200,1322,1222,11,0,68,0,7,14,1322,1179,11,51,0,67,0,2,12,0.832072617,0,5.143721634,0,0.529500756,1.059001513,3.857791225,92.43570348,Y,N,N,N,2013
601,601,601,51,172,189,214,570,362,434,398,214,10,2563,1949,1128,3411,4089,3123,260,7,332,2,253,112,4089,2899,190,582,4,330,2,16,66,6.358522866,0.171191,8.119344583,0.048911714,6.187331866,2.739056004,14.23330888,76.37564197,Y,N,N,N,2013
602,602,602,52,81,99,72,290,105,114,174,58,0,993,779,443,1206,1387,1089,85,1,102,0,90,20,1387,1055,66,143,1,97,0,11,14,6.128334535,0.072098053,7.354001442,0,6.488824802,1.441961067,10.31002163,78.5147801,Y,N,N,N,2013
603,603,603,53,144,127,110,390,146,162,264,86,1,1430,942,593,1617,1848,1711,22,10,78,1,8,18,1848,1686,19,38,7,78,1,3,16,1.19047619,0.541125541,4.220779221,0.054112554,0.432900433,0.974025974,2.056277056,92.58658009,Y,N,N,N,2013
604,604,604,54,126,180,104,415,171,164,261,90,8,1519,1025,636,1667,1801,1666,14,4,77,0,12,28,1801,1646,14,40,2,77,0,2,20,0.777345919,0.222098834,4.275402554,0,0.666296502,1.554691838,2.22098834,92.50416435,Y,N,N,N,2013
605,605,605,55,109,189,106,438,120,137,226,88,3,1416,1228,661,1537,1678,1617,8,2,31,1,11,8,1678,1598,7,28,1,31,1,5,7,0.476758045,0.119189511,1.847437426,0.059594756,0.655542312,0.476758045,1.668653159,96.3647199,Y,N,N,N,2013
606,606,606,56,116,227,132,614,125,167,357,77,4,1819,1381,800,1491,1503,1459,14,1,13,0,6,10,1503,1453,12,12,1,13,0,4,8,0.931470393,0.066533599,0.864936793,0,0.399201597,0.665335995,0.798403194,97.07252162,Y,N,N,N,2013
607,607,607,57,122,183,122,490,115,120,269,77,3,1501,1219,680,1469,1526,1491,7,1,12,2,3,10,1526,1477,7,20,1,12,1,0,8,0.458715596,0.065530799,0.786369594,0.131061599,0.196592398,0.655307995,1.31061599,97.70642202,Y,N,N,N,2013
608,608,608,58,111,187,146,536,114,133,305,82,2,1616,1192,702,1494,1545,1518,3,1,10,0,3,10,1545,1512,3,10,1,9,0,0,10,0.194174757,0.064724919,0.647249191,0,0.194174757,0.647249191,0.647249191,98.25242718,Y,N,N,N,2013
609,609,609,59,115,191,123,565,98,116,266,76,2,1552,1376,732,1450,1572,1543,17,2,1,0,4,5,1572,1530,15,18,2,1,0,1,5,1.081424936,0.127226463,0.063613232,0,0.254452926,0.318066158,1.145038168,98.15521628,Y,N,N,N,2013
701,701,701,60,137,181,129,486,98,119,268,55,5,1478,1138,654,1273,1363,1343,2,0,12,0,3,3,1363,1334,2,12,0,12,0,0,3,0.146735143,0,0.880410858,0,0.220102715,0.220102715,0.880410858,98.53264857,Y,N,N,N,2013
702,702,702,61,166,203,146,560,136,153,306,83,5,1758,1254,753,1704,1769,1733,9,0,16,1,1,9,1769,1719,9,15,0,16,1,0,9,0.508762012,0,0.9044658,0.056529112,0.056529112,0.508762012,0.847936687,97.96495195,Y,N,N,N,2013
703,703,703,62,148,265,159,684,176,204,368,105,3,2112,1624,934,1968,2133,2048,15,2,32,0,18,18,2133,2019,15,48,2,31,0,2,16,0.70323488,0.093764651,1.500234412,0,0.843881857,0.843881857,2.250351617,96.01500234,Y,N,N,N,2013
704,704,704,63,110,186,129,470,151,178,274,103,6,1607,1185,698,1708,1829,1576,69,2,75,0,64,43,1829,1540,57,115,2,75,0,20,20,3.772553308,0.109349371,4.100601422,0,3.49917988,2.351011482,6.287588846,86.16730454,Y,N,N,N,2013
705,705,705,64,91,106,73,342,114,124,208,69,2,1129,839,492,1363,1905,1407,177,5,157,2,107,50,1905,1338,138,229,3,154,2,17,24,9.291338583,0.262467192,8.241469816,0.104986877,5.6167979,2.624671916,12.02099738,73.85826772,Y,N,N,N,2013
706,706,706,65,65,88,78,258,102,123,138,63,6,921,699,405,1217,1586,1074,160,5,152,1,145,49,1586,992,130,289,1,150,1,6,17,10.08827238,0.315258512,9.583858764,0.063051702,9.142496847,3.089533417,18.22194199,67.71752837,Y,N,N,N,2013
707,707,707,66,51,50,78,249,123,151,142,41,2,887,721,402,1114,1496,572,404,14,224,3,200,79,1496,363,312,561,6,224,2,5,23,27.00534759,0.935828877,14.97326203,0.200534759,13.36898396,5.280748663,37.5,38.23529412,Y,N,N,N,2013
708,708,708,67,82,91,225,267,129,110,136,54,3,1097,795,473,1064,1487,1173,97,3,137,0,59,18,1487,1132,94,99,3,137,0,6,16,6.523201076,0.201748487,9.213180901,0,3.967720242,1.210490921,6.657700067,78.88365837,Y,N,N,N,2013
709,709,709,68,71,74,262,224,124,142,123,67,2,1089,703,448,1111,1551,993,159,11,221,1,128,38,1551,937,147,150,7,221,1,60,28,10.25145068,0.709219858,14.2488717,0.064474533,8.252740168,2.450032237,9.671179884,64.02321083,Y,N,N,N,2013
710,710,710,69,77,67,109,159,159,120,92,65,3,851,817,417,1344,1847,325,584,6,47,2,686,197,1847,206,540,377,3,46,1,504,170,31.61884136,0.32485111,2.544667028,0.108283703,37.14131023,10.66594478,20.41147807,17.59610179,N,Y,N,N,2013
801,801,801,70,40,33,37,88,109,155,73,99,3,637,803,360,1115,1484,598,376,3,176,4,265,62,1484,436,334,489,3,176,4,13,29,25.33692722,0.202156334,11.85983827,0.269541779,17.85714286,4.177897574,32.95148248,40.29649596,Y,N,N,N,2013
802,802,802,71,54,62,96,209,291,401,148,248,7,1516,1072,647,2364,4588,2484,1212,19,598,1,189,85,4588,1889,1174,819,14,597,1,33,61,26.41673932,0.414123801,13.03400174,0.02179599,4.119442023,1.852659111,17.85091543,54.14123801,Y,N,N,N,2013
803,803,803,72,30,30,44,108,156,126,72,73,17,656,636,323,1412,1269,266,715,10,52,0,169,57,1269,180,658,325,6,51,0,21,28,56.34357762,0.788022065,4.097714736,0,13.31757289,4.491725768,25.6107171,20.96138692,N,Y,N,N,2013
804,804,804,73,17,14,40,62,114,70,49,33,5,404,416,205,700,664,75,392,5,11,0,142,39,664,21,352,239,5,11,0,19,17,59.03614458,0.753012048,1.656626506,0,21.38554217,5.873493976,35.9939759,11.29518072,N,Y,N,N,2013
805,805,805,74,42,31,102,136,199,164,87,70,8,839,993,458,1320,1638,124,659,8,40,4,613,190,1638,59,610,290,4,38,3,477,157,40.23199023,0.488400488,2.442002442,0.244200244,37.42368742,11.5995116,17.7045177,7.57020757,N,Y,N,N,2013
806,806,806,75,27,23,37,61,59,77,39,26,5,354,274,157,444,681,144,214,0,10,0,256,57,681,105,186,115,0,10,0,215,50,31.42437592,0,1.468428781,0,37.5917768,8.370044053,16.88693098,21.14537445,N,Y,N,N,2013
807,807,807,76,31,17,47,88,146,119,75,46,8,577,579,289,943,1084,183,635,11,10,0,156,89,1084,71,580,326,5,10,0,38,54,58.57933579,1.014760148,0.922509225,0,14.39114391,8.210332103,30.07380074,16.88191882,N,Y,N,N,2013
901,901,901,77,74,69,80,195,262,324,140,185,8,1337,1271,652,1813,2092,1030,302,11,436,1,248,64,2092,748,247,633,3,435,0,4,22,14.43594646,0.52581262,20.84130019,0.047801147,11.85468451,3.059273423,30.2581262,49.23518164,Y,N,N,N,2013
902,902,902,78,59,68,91,193,333,436,187,281,5,1653,1171,706,2041,2267,1548,353,4,209,0,93,60,2267,1426,334,249,2,209,0,4,43,15.57123952,0.17644464,9.219232466,0,4.102337891,2.646669607,10.98367887,68.28407587,Y,N,N,N,2013
903,903,903,79,99,71,128,209,399,433,204,253,17,1813,1591,851,2962,3652,1396,1415,13,204,3,428,193,3652,1069,1228,1041,8,203,1,18,84,38.74589266,0.355969332,5.585980285,0.082146769,11.7196057,5.284775465,28.50492881,38.22562979,N,Y,N,N,2013
904,904,904,80,28,28,52,109,209,153,79,91,8,757,903,415,2174,4580,2516,1102,31,402,0,354,175,4580,2235,981,834,16,401,0,23,90,24.06113537,0.676855895,8.777292576,0,7.729257642,3.820960699,18.20960699,54.93449782,Y,N,N,N,2013
905,905,905,81,66,44,110,176,486,326,180,184,18,1590,1270,715,1992,2282,357,1491,29,51,0,211,143,2282,226,1380,507,14,50,0,22,83,65.33742331,1.270815074,2.234881683,0,9.246275197,6.266432954,22.2173532,15.64417178,N,Y,N,N,2013
1001,1001,1001,82,45,35,44,121,121,104,84,122,2,678,586,316,846,888,264,261,11,138,0,172,42,888,159,232,333,9,138,0,0,17,29.39189189,1.238738739,15.54054054,0,19.36936937,4.72972973,37.5,29.72972973,N,N,Y,N,2013
1002,1002,1002,83,57,47,59,130,150,136,88,124,9,800,360,290,1061,2579,1462,331,9,581,1,126,69,2579,1354,290,298,4,581,1,9,42,12.83443195,0.34897247,22.52811167,0.038774719,4.885614579,2.675455603,11.55486623,56.68863901,Y,N,N,N,2013
1003,1003,1003,84,30,35,39,108,89,102,91,70,3,567,365,233,1005,2020,1403,193,12,256,3,83,70,2020,1306,166,228,6,256,3,5,50,9.554455446,0.594059406,12.67326733,0.148514851,4.108910891,3.465346535,11.28712871,69.45544554,Y,N,N,N,2013
1004,1004,1004,85,106,72,78,178,185,218,131,199,13,1180,1148,582,1667,2606,1298,421,19,561,3,209,95,2606,1128,367,477,13,556,3,5,57,16.15502686,0.729086723,21.52724482,0.115118956,8.019953952,3.645433615,18.30391404,49.80813507,Y,N,N,N,2013
1005,1005,1005,86,49,41,65,145,208,163,100,112,5,888,516,351,1229,2078,1539,228,7,135,0,97,72,2078,1448,208,225,3,135,0,8,51,10.97208855,0.336862368,6.496631376,0,4.667949952,3.464870067,10.82771896,74.06159769,Y,N,N,N,2013
1006,1006,1006,87,60,38,54,103,161,168,63,96,0,743,633,344,1199,1706,606,564,12,133,0,285,106,1706,386,472,665,1,130,0,6,46,33.05978898,0.703399766,7.796014068,0,16.70574443,6.213364596,38.98007034,35.52168816,N,N,Y,N,2013
1007,1007,1007,88,63,36,56,131,176,185,103,93,7,850,1014,466,1751,1809,582,580,26,43,0,435,143,1809,234,457,1030,5,42,0,14,27,32.06191266,1.437258154,2.37700387,0,24.04643449,7.904919845,56.93753455,32.17247098,N,N,Y,N,2013
1008,1008,1008,89,97,67,106,194,261,295,146,189,4,1359,853,553,1703,2779,1583,582,4,394,2,122,92,2779,1407,538,385,4,390,1,7,47,20.94278517,0.143936668,14.17776178,0.071968334,4.39006837,3.310543361,13.85390428,56.96293631,Y,N,N,N,2013
1009,1009,1009,90,118,69,167,230,413,462,163,265,4,1891,1069,740,1950,2265,1646,182,13,145,0,206,73,2265,1417,141,520,1,145,0,11,30,8.035320088,0.573951435,6.401766004,0,9.094922737,3.222958057,22.9580574,72.67108168,Y,N,N,N,2013
1101,1101,1101,91,18,14,69,80,233,164,67,100,12,757,523,320,838,912,357,429,3,31,0,58,34,912,307,392,150,3,31,0,6,23,47.03947368,0.328947368,3.399122807,0,6.359649123,3.728070175,16.44736842,39.14473684,N,Y,N,N,2013
1102,1102,1102,92,55,33,85,139,356,210,119,123,10,1130,994,531,1401,1651,230,1090,25,21,2,196,87,1651,113,1016,442,8,21,2,11,38,66.02059358,1.514233798,1.27195639,0.121138704,11.87159297,5.269533616,26.77165354,13.93095094,N,Y,N,N,2013
1103,1103,1103,93,34,22,74,90,250,149,84,68,9,780,724,376,1128,1385,196,891,9,13,1,195,80,1385,90,786,445,6,13,1,12,32,64.33212996,0.649819495,0.938628159,0.072202166,14.07942238,5.776173285,32.1299639,14.15162455,N,Y,N,N,2013
1104,1104,1104,94,84,43,116,195,333,307,156,146,21,1401,1203,651,1849,2245,736,813,37,44,0,457,158,2245,406,709,1027,12,41,0,10,40,36.21380846,1.648106904,1.959910913,0,20.35634744,7.037861915,45.74610245,32.78396437,N,N,Y,N,2013
1105,1105,1105,95,60,48,87,138,280,264,113,100,1,1091,1001,523,1424,1825,711,596,15,26,0,377,100,1825,440,505,803,7,26,0,11,33,32.65753425,0.821917808,1.424657534,0,20.65753425,5.479452055,44,38.95890411,N,N,Y,N,2013
1106,1106,1106,96,72,35,120,117,258,306,113,131,7,1159,757,479,1127,1257,777,176,3,62,0,163,76,1257,646,127,399,1,61,0,7,16,14.00159109,0.238663484,4.932378679,0,12.96738266,6.046141607,31.74224344,61.81384248,Y,N,N,N,2013
1107,1107,1107,97,73,63,170,217,436,417,153,205,9,1743,993,684,1584,1955,1096,464,12,51,0,255,77,1955,938,424,487,3,51,0,10,42,23.73401535,0.613810742,2.608695652,0,13.04347826,3.938618926,24.91048593,56.06138107,Y,N,N,N,2013
1108,1108,1108,98,97,57,167,216,372,370,150,194,6,1629,807,609,1550,1733,1185,223,10,153,1,106,55,1733,1081,196,253,3,153,1,13,33,12.8678592,0.577034045,8.828620889,0.057703405,6.116560877,3.173687248,14.59896134,68.37853433,Y,N,N,N,2013
1109,1109,1109,99,64,53,149,99,307,323,112,163,4,1274,650,481,936,997,844,63,1,41,0,23,25,997,790,48,99,0,40,0,3,17,6.318956871,0.100300903,4.112337011,0,2.306920762,2.507522568,9.929789368,84.65396189,Y,N,N,N,2013
1110,1110,1110,100,98,35,149,137,339,344,106,189,3,1400,788,547,1374,1462,1096,145,2,69,0,110,40,1462,998,122,238,1,68,0,13,22,9.917920657,0.136798906,4.719562244,0,7.523939808,2.735978112,16.27906977,74.96580027,Y,N,N,N,2013
1201,1201,1201,101,44,43,115,160,432,279,150,117,30,1370,862,558,1602,1812,137,1380,11,33,0,166,85,1812,74,1328,307,10,32,0,12,49,76.1589404,0.607064018,1.821192053,0,9.161147903,4.690949227,16.94260486,7.560706402,N,Y,N,N,2013
1202,1202,1202,102,35,19,116,191,522,313,138,133,30,1497,1535,758,2126,2361,171,1767,17,17,1,288,100,2361,39,1664,529,9,17,1,45,57,74.841169,0.720033884,0.720033884,0.042354934,12.19822109,4.235493435,22.40576027,7.242693774,N,Y,N,N,2013
1203,1203,1203,103,25,14,76,88,257,158,86,68,18,790,782,393,1039,794,55,604,4,24,1,75,31,794,20,564,151,1,24,1,11,22,76.07052897,0.503778338,3.022670025,0.125944584,9.445843829,3.904282116,19.01763224,6.926952141,N,Y,N,N,2013
1204,1204,1204,104,33,16,61,78,237,141,77,90,15,748,640,347,1082,1235,100,884,6,3,2,178,62,1235,47,826,274,5,3,2,30,48,71.57894737,0.48582996,0.24291498,0.16194332,14.41295547,5.020242915,22.18623482,8.097165992,N,Y,N,N,2013
1205,1205,1205,105,21,12,48,57,187,102,64,58,5,554,666,305,784,860,48,684,10,2,0,86,30,860,15,655,151,6,1,0,12,20,79.53488372,1.162790698,0.23255814,0,10,3.488372093,17.55813953,5.581395349,N,Y,N,N,2013
1206,1206,1206,106,20,9,43,97,214,129,68,43,13,636,612,312,817,858,41,693,6,9,0,65,44,858,21,659,134,5,9,0,10,20,80.76923077,0.699300699,1.048951049,0,7.575757576,5.128205128,15.61771562,4.778554779,N,Y,N,N,2013
1207,1207,1207,107,65,53,110,204,492,273,169,126,23,1515,1689,801,2455,3079,386,2016,22,19,0,507,129,3079,186,1876,914,15,18,0,12,58,65.47580383,0.714517701,0.617083469,0,16.46638519,4.189671971,29.68496265,12.53653784,N,Y,N,N,2013
1208,1208,1208,108,14,8,48,58,157,74,50,36,15,460,484,236,780,950,82,668,8,3,0,146,43,950,33,630,244,8,3,0,10,22,70.31578947,0.842105263,0.315789474,0,15.36842105,4.526315789,25.68421053,8.631578947,N,Y,N,N,2013
1209,1209,1209,109,26,22,89,92,263,170,83,82,18,845,623,367,953,1116,95,802,7,15,1,134,62,1116,23,764,268,4,15,1,9,32,71.86379928,0.627240143,1.344086022,0.089605735,12.00716846,5.555555556,24.01433692,8.512544803,N,Y,N,N,2013
1301,1301,1301,110,95,61,111,178,308,197,159,110,17,1236,680,479,1357,1573,134,955,11,12,0,345,116,1573,41,851,458,8,11,0,130,74,60.71201526,0.699300699,0.76287349,0,21.93261284,7.374443738,29.11633821,8.518753973,N,Y,N,N,2013
1302,1302,1302,111,31,10,36,56,112,66,43,45,8,407,269,169,607,673,82,389,19,10,1,114,58,673,14,351,232,2,8,0,28,38,57.80089153,2.823179792,1.485884101,0.14858841,16.93907875,8.618127786,34.47251114,12.18424963,N,Y,N,N,2013
1303,1303,1303,112,45,34,75,118,123,101,80,46,3,625,639,316,1347,3145,1502,573,16,681,5,279,89,3145,1293,515,547,7,681,5,41,56,18.21939587,0.508744038,21.65341812,0.158982512,8.871224165,2.829888712,17.3926868,47.75834658,Y,N,N,N,2013
1304,1304,1304,113,21,26,67,72,194,129,68,43,5,625,551,294,1005,1261,188,717,8,10,0,238,100,1261,82,668,370,5,10,0,62,64,56.85963521,0.634417129,0.793021412,0,18.8739096,7.930214116,29.34179223,14.90880254,N,Y,N,N,2013
1305,1305,1305,114,33,58,74,81,163,95,59,42,3,608,736,336,889,1352,334,529,5,11,2,346,125,1352,263,483,284,1,11,2,206,102,39.12721893,0.369822485,0.813609467,0.147928994,25.59171598,9.24556213,21.00591716,24.70414201,N,Y,N,N,2013
1306,1306,1306,115,99,77,269,176,231,214,125,75,4,1270,966,559,1396,1615,587,458,7,125,3,334,101,1615,517,420,272,4,125,3,196,78,28.35913313,0.433436533,7.73993808,0.185758514,20.68111455,6.253869969,16.84210526,36.34674923,Y,N,N,N,2013
1307,1307,1307,116,118,117,281,278,202,182,197,94,8,1477,907,596,1382,1775,1010,199,1,431,0,79,55,1775,956,189,131,1,431,0,19,48,11.21126761,0.056338028,24.28169014,0,4.450704225,3.098591549,7.38028169,56.90140845,Y,N,N,N,2013
1308,1308,1308,117,77,80,304,196,188,144,178,58,11,1236,800,509,1199,1511,770,187,3,368,4,113,66,1511,719,172,146,3,366,0,49,56,12.37590999,0.198544011,24.35473197,0.264725347,7.478491066,4.367968233,9.662475182,50.95962938,Y,N,N,N,2013
1309,1309,1309,118,96,95,230,255,267,218,183,105,6,1455,897,588,1304,1683,742,249,7,429,5,185,66,1683,692,228,170,6,428,0,103,56,14.79500891,0.415923945,25.49019608,0.297088532,10.9922757,3.921568627,10.1010101,44.08793821,Y,N,N,N,2013
1310,1310,1310,119,160,469,523,424,367,321,288,118,6,2676,1244,980,1650,1946,1510,122,0,218,2,46,48,1946,1466,116,95,0,218,2,10,39,6.269270298,0,11.2024666,0.102774923,2.363823227,2.46659815,4.881808839,77.5950668,Y,N,N,N,2013
1401,1401,1401,120,52,36,128,182,361,274,140,88,21,1282,1190,618,2329,2866,279,1824,19,37,5,557,145,2866,48,1688,920,9,35,1,93,72,63.64270761,0.662944871,1.290997906,0.174459177,19.43475227,5.05931612,32.10048849,9.734822052,N,Y,N,N,2013
1402,1402,1402,121,60,30,113,219,453,217,167,84,6,1349,1463,703,2391,2695,142,2164,17,10,0,235,127,2695,42,2041,450,11,10,0,62,79,80.29684601,0.630797774,0.371057514,0,8.719851577,4.712430427,16.69758813,5.269016698,N,Y,N,N,2013
1403,1403,1403,122,41,23,75,100,218,154,110,51,8,780,580,340,1228,1549,75,1077,23,18,1,277,78,1549,20,987,459,17,18,1,11,36,69.52872821,1.484828922,1.162040026,0.064557779,17.88250484,5.035506779,29.63202066,4.841833441,N,Y,N,N,2013
1404,1404,1404,123,32,33,73,109,242,171,86,60,7,813,767,395,1404,1654,124,1230,10,15,0,203,72,1654,49,1146,353,8,15,0,39,44,74.36517533,0.604594921,0.906892382,0,12.2732769,4.353083434,21.34220073,7.496977025,N,Y,N,N,2013
1405,1405,1405,124,33,15,55,96,219,108,95,33,8,662,670,333,1063,1439,36,1278,5,11,1,70,38,1439,9,1231,155,2,11,1,2,28,88.81167477,0.347463516,0.764419736,0.069492703,4.864489229,2.640722724,10.77136901,2.501737318,N,Y,N,N,2013
1406,1406,1406,125,33,25,56,114,211,101,85,45,4,674,622,324,1018,1174,75,947,4,6,1,89,52,1174,41,878,211,2,6,0,11,25,80.66439523,0.340715503,0.511073254,0.085178876,7.580919932,4.429301533,17.97274276,6.388415673,N,Y,N,N,2013
1407,1407,1407,126,25,16,57,122,218,125,87,43,9,702,658,340,1186,1388,94,1085,7,10,0,126,66,1388,20,1016,286,7,7,0,11,41,78.17002882,0.504322767,0.720461095,0,9.077809798,4.755043228,20.60518732,6.772334294,N,Y,N,N,2013
1408,1408,1408,127,40,22,59,135,265,137,119,62,9,848,888,434,1091,1494,147,1206,2,12,1,84,42,1494,93,1162,190,2,11,0,5,31,80.72289157,0.133868809,0.803212851,0.066934404,5.62248996,2.81124498,12.71753681,9.83935743,N,Y,N,N,2013
1409,1409,1409,128,40,21,38,84,191,88,68,46,1,577,739,329,1333,1384,102,931,12,17,0,242,80,1384,13,844,459,5,17,0,19,27,67.26878613,0.867052023,1.228323699,0,17.48554913,5.780346821,33.16473988,7.369942197,N,Y,N,N,2013
1410,1410,1410,129,45,23,63,134,224,143,115,66,6,819,837,414,1264,1937,205,1254,12,17,3,350,96,1937,26,1131,661,9,16,3,36,55,64.73928756,0.619514713,0.877645844,0.154878678,18.06917914,4.956117708,34.12493547,10.58337636,N,Y,N,N,2013
1411,1411,1411,130,38,21,49,87,179,74,81,35,2,566,550,279,970,1307,42,1065,3,10,0,121,66,1307,20,992,224,2,10,0,20,39,81.48431523,0.229533282,0.765110941,0,9.257842387,5.049732211,17.13848508,3.213465953,N,Y,N,N,2013
1412,1412,1412,131,16,16,44,73,156,66,52,20,1,444,556,250,722,809,28,680,1,9,0,74,17,809,3,646,121,1,9,0,25,4,84.05438813,0.123609394,1.112484549,0,9.147095179,2.101359703,14.95673671,3.461063041,N,Y,N,N,2013
1413,1413,1413,132,38,13,47,97,198,115,89,43,4,644,668,328,988,1206,38,1024,6,11,0,73,54,1206,18,973,149,1,11,0,17,37,84.90878939,0.497512438,0.912106136,0,6.053067993,4.47761194,12.35489221,3.150912106,N,Y,N,N,2013
1414,1414,1414,133,35,26,60,105,218,112,87,51,4,698,934,408,1138,1350,10,1203,3,5,0,86,43,1350,5,1127,179,2,5,0,3,29,89.11111111,0.222222222,0.37037037,0,6.37037037,3.185185185,13.25925926,0.740740741,N,Y,N,N,2013
1501,1501,1501,134,41,21,100,127,209,145,90,43,12,788,892,420,1525,1938,266,969,9,44,0,507,143,1938,130,874,554,7,44,0,223,106,50,0.464396285,2.270381837,0,26.16099071,7.37874097,28.58617131,13.7254902,N,Y,N,N,2013
1502,1502,1502,135,35,29,63,99,167,89,66,45,5,598,670,317,1013,1270,74,787,5,8,0,297,99,1270,34,749,206,3,8,0,176,94,61.96850394,0.393700787,0.62992126,0,23.38582677,7.795275591,16.22047244,5.826771654,N,Y,N,N,2013
1503,1503,1503,136,23,21,47,81,91,76,54,40,3,436,380,204,651,875,75,418,3,31,0,260,88,875,56,383,164,3,28,0,163,78,47.77142857,0.342857143,3.542857143,0,29.71428571,10.05714286,18.74285714,8.571428571,N,Y,N,N,2013
1504,1504,1504,137,84,65,121,225,293,220,140,86,13,1247,1169,604,1853,2477,366,912,2,389,1,562,245,2477,262,855,397,2,389,0,366,206,36.81873234,0.080742834,15.70448123,0.040371417,22.68873637,9.890997174,16.02745256,14.77593864,N,Y,N,N,2013
1505,1505,1505,138,42,26,69,101,183,113,88,35,4,661,763,356,1208,1661,214,964,13,92,0,261,117,1661,72,878,422,7,92,0,115,75,58.03732691,0.782661048,5.538832029,0,15.71342565,7.043949428,25.4063817,12.88380494,N,Y,N,N,2013
1506,1506,1506,139,71,64,114,164,97,96,107,35,2,750,574,331,766,1038,329,154,1,459,0,57,38,1038,313,144,75,1,459,0,11,35,14.83622351,0.096339114,44.21965318,0,5.49132948,3.66088632,7.225433526,31.6955684,N,N,N,Y,2013
1507,1507,1507,140,30,18,88,121,179,142,75,55,1,709,587,324,1009,1305,165,660,3,22,0,329,126,1305,126,608,222,1,21,0,228,99,50.57471264,0.229885057,1.685823755,0,25.21072797,9.655172414,17.01149425,12.64367816,N,Y,N,N,2013
1508,1508,1508,141,65,41,83,155,137,118,89,54,4,746,546,323,984,1319,208,562,6,302,2,169,70,1319,133,531,236,6,300,2,56,55,42.60803639,0.454890068,22.89613343,0.151630023,12.81273692,5.307050796,17.89234268,15.76952237,N,Y,N,N,2013
1509,1509,1509,142,69,69,99,174,202,177,116,72,10,988,652,410,1080,1362,266,472,5,353,1,200,65,1362,239,457,181,3,351,0,90,41,34.65491924,0.367107195,25.91776799,0.073421439,14.68428781,4.772393539,13.28928047,19.53010279,N,Y,N,N,2013
1601,1601,1601,143,82,62,130,160,165,149,130,53,4,935,581,379,1096,1581,388,444,5,566,0,125,53,1581,327,419,192,4,561,0,35,43,28.08349146,0.316255534,35.8001265,0,7.906388362,3.352308665,12.14421252,24.54142948,N,N,N,Y,2013
1602,1602,1602,144,104,119,117,188,137,101,123,39,3,931,653,396,796,961,580,123,2,187,0,49,20,961,546,115,76,1,187,0,24,12,12.79916753,0.208116545,19.45889698,0,5.098855359,2.081165453,7.90842872,60.35379813,Y,N,N,N,2013
1603,1603,1603,145,90,89,167,187,266,193,133,64,4,1193,847,510,1366,1745,341,736,5,475,0,109,79,1745,313,709,122,2,475,0,58,66,42.17765043,0.286532951,27.22063037,0,6.246418338,4.52722063,6.991404011,19.54154728,N,Y,N,N,2013
1604,1604,1604,146,93,79,161,219,228,165,179,65,5,1194,814,502,1259,2177,685,688,9,481,0,211,103,2177,624,657,210,5,477,0,120,84,31.60312356,0.413412954,22.09462563,0,9.692237023,4.73128158,9.646302251,31.46531925,N,Y,N,N,2013
1605,1605,1605,147,217,131,210,306,242,171,249,64,5,1595,1001,649,1389,1213,723,186,4,178,0,85,37,1213,688,167,126,2,178,0,24,28,15.33388293,0.329760923,14.67436109,0,7.007419621,3.050288541,10.38746908,59.60428689,Y,N,N,N,2013
1606,1606,1606,148,118,76,260,248,397,246,180,96,14,1635,1161,699,1779,2277,580,881,4,577,1,146,88,2277,502,816,260,3,577,1,57,61,38.69126043,0.175669741,25.34036012,0.043917435,6.411945542,3.8647343,11.41853316,25.47211243,N,Y,N,N,2013
1607,1607,1607,149,217,220,346,451,230,155,282,65,3,1969,1063,758,1226,1361,1032,184,3,93,2,36,11,1361,1006,170,61,2,91,2,19,10,13.51947098,0.220426157,6.833210874,0.146950771,2.645113887,0.808229243,4.48199853,75.82659809,Y,N,N,N,2013
1608,1608,1608,150,200,199,274,350,336,257,256,102,7,1981,1099,770,1347,1548,922,358,7,162,0,42,57,1548,901,331,93,7,161,0,10,45,23.12661499,0.452196382,10.46511628,0,2.713178295,3.682170543,6.007751938,59.56072351,Y,N,N,N,2013
1609,1609,1609,151,372,338,420,597,250,168,385,64,0,2594,1246,960,1432,1655,1514,55,3,51,0,15,17,1655,1490,54,45,0,51,0,2,13,3.32326284,0.181268882,3.081570997,0,0.906344411,1.027190332,2.719033233,91.48036254,Y,N,N,N,2013
1610,1610,1610,152,205,190,297,423,207,148,258,69,10,1807,961,692,1280,1559,1191,184,1,116,2,32,33,1559,1158,174,70,1,116,1,10,29,11.80243746,0.064143682,7.440667094,0.128287364,2.052597819,2.116741501,4.490057729,76.39512508,Y,N,N,N,2013
1611,1611,1611,153,266,212,286,445,299,291,307,128,5,2239,1021,815,1388,1575,1084,283,5,140,0,33,30,1575,1049,272,78,5,135,0,14,22,17.96825397,0.317460317,8.888888889,0,2.095238095,1.904761905,4.952380952,68.82539683,Y,N,N,N,2013
1612,1612,1612,154,307,401,360,599,237,143,409,70,0,2526,1138,916,1241,1289,1208,46,4,16,0,9,6,1289,1197,45,15,4,16,0,6,6,3.568657874,0.310318076,1.241272304,0,0.698215671,0.465477114,1.163692785,93.71605896,Y,N,N,N,2013
1701,1701,1701,155,33,14,77,99,207,123,81,69,8,711,701,353,1159,1313,132,961,16,4,0,132,68,1313,44,927,243,4,4,0,32,59,73.19116527,1.218583397,0.304645849,0,10.05331302,5.178979436,18.50723534,10.05331302,N,Y,N,N,2013
1702,1702,1702,156,36,19,56,82,153,112,58,39,9,564,540,276,793,983,85,617,6,93,2,124,56,983,55,563,176,1,91,0,51,46,62.76703967,0.610376399,9.460834181,0.2034588,12.61444557,5.696846389,17.90437436,8.646998983,N,Y,N,N,2013
1703,1703,1703,157,58,53,173,221,445,275,151,121,10,1507,1093,650,1743,1996,338,1383,2,40,3,151,79,1996,267,1330,273,1,40,0,35,50,69.28857715,0.100200401,2.004008016,0.150300601,7.565130261,3.957915832,13.67735471,16.93386774,N,Y,N,N,2013
1704,1704,1704,158,134,86,198,269,531,293,268,129,6,1914,1390,826,1803,2105,514,1236,10,160,0,102,83,2105,492,1190,145,10,158,0,45,65,58.71733967,0.475059382,7.600950119,0,4.845605701,3.942992874,6.888361045,24.41805226,N,Y,N,N,2013
1705,1705,1705,159,16,8,38,57,141,66,50,35,6,417,495,228,874,981,48,777,9,17,1,86,43,981,20,718,189,3,17,1,6,27,79.20489297,0.917431193,1.732925586,0.101936799,8.76656473,4.383282365,19.26605505,4.892966361,N,Y,N,N,2013
1706,1706,1706,160,51,41,148,129,292,192,113,94,0,1060,824,471,1265,1526,386,790,10,130,1,137,72,1526,329,745,220,8,130,0,36,58,51.76933159,0.655307995,8.519003932,0.065530799,8.977719528,4.718217562,14.41677588,25.2948886,N,Y,N,N,2013
1707,1707,1707,161,15,21,36,61,136,58,68,28,6,429,443,218,668,803,44,684,4,10,0,28,33,803,40,660,59,3,10,0,12,19,85.18057285,0.498132005,1.245330012,0,3.486924035,4.109589041,7.347447073,5.479452055,N,Y,N,N,2013
1708,1708,1708,162,47,30,99,128,258,140,111,68,3,884,744,407,1100,1261,100,1002,9,10,0,91,49,1261,59,958,191,2,10,0,14,27,79.46074544,0.71371927,0.793021412,0,7.216494845,3.885804917,15.14670896,7.930214116,N,Y,N,N,2013
1709,1709,1709,163,54,48,123,117,309,222,97,113,4,1087,693,445,900,1032,430,463,3,55,0,49,32,1032,387,444,97,3,55,0,18,28,44.86434109,0.290697674,5.329457364,0,4.748062016,3.100775194,9.399224806,41.66666667,N,Y,N,N,2013
1710,1710,1710,164,52,35,91,158,342,136,152,77,4,1047,1037,521,1577,1842,111,1537,5,13,0,116,60,1842,68,1471,197,4,13,0,37,52,83.44191097,0.271444083,0.705754615,0,6.297502714,3.25732899,10.69489685,6.026058632,N,Y,N,N,2013
1711,1711,1711,165,25,22,55,44,153,85,42,39,1,466,342,202,569,708,103,486,1,41,0,54,23,708,86,468,66,1,41,0,31,15,68.6440678,0.141242938,5.790960452,0,7.627118644,3.248587571,9.322033898,14.5480226,N,Y,N,N,2013
1712,1712,1712,166,75,47,118,169,284,180,164,84,5,1126,562,422,895,1011,132,750,2,45,0,45,37,1011,120,729,76,2,42,0,16,26,74.18397626,0.197823937,4.451038576,0,4.451038576,3.659742829,7.517309594,13.05637982,N,Y,N,N,2013
1713,1713,1713,167,167,140,258,335,376,309,247,140,6,1978,974,738,1531,1535,840,458,2,121,0,52,62,1535,812,440,96,2,120,0,14,51,29.83713355,0.13029316,7.882736156,0,3.38762215,4.039087948,6.254071661,54.72312704,Y,N,N,N,2013
1714,1714,1714,168,98,41,135,187,281,204,167,78,14,1205,695,475,1077,1412,429,821,0,70,3,45,44,1412,397,792,106,0,70,0,17,30,58.14447592,0,4.957507082,0.212464589,3.186968839,3.116147309,7.507082153,30.38243626,N,Y,N,N,2013
1801,1801,1801,169,107,68,136,260,461,254,238,137,20,1681,1143,706,1970,2382,221,1849,20,28,0,174,90,2382,166,1748,358,9,28,0,22,51,77.62384551,0.839630563,1.175482788,0,7.304785894,3.778337531,15.02938707,9.277917716,N,Y,N,N,2013
1802,1802,1802,170,50,34,87,184,369,182,163,77,6,1152,1096,562,1417,1772,46,1598,8,17,1,51,51,1772,22,1544,131,4,16,0,12,43,90.18058691,0.451467269,0.959367946,0.056433409,2.878103837,2.878103837,7.392776524,2.595936795,N,Y,N,N,2013
1803,1803,1803,171,72,40,115,191,433,231,167,128,6,1383,1173,639,1645,2048,98,1776,19,18,2,68,67,2048,51,1727,178,15,17,2,7,51,86.71875,0.927734375,0.87890625,0.09765625,3.3203125,3.271484375,8.69140625,4.78515625,N,Y,N,N,2013
1804,1804,1804,172,55,45,107,153,376,205,142,80,23,1186,1190,594,1605,2024,96,1764,5,9,0,95,55,2024,70,1711,168,5,9,0,21,40,87.1541502,0.247035573,0.444664032,0,4.693675889,2.717391304,8.300395257,4.743083004,N,Y,N,N,2013
1805,1805,1805,173,84,47,112,176,409,230,191,117,13,1379,1485,716,1665,1923,104,1681,24,4,0,56,54,1923,82,1630,147,10,4,0,13,37,87.41549662,1.248049922,0.20800832,0,2.912116485,2.808112324,7.644305772,5.408216329,N,Y,N,N,2013
1806,1806,1806,174,136,90,178,301,527,339,285,146,6,2008,1208,804,1828,1999,171,1672,8,13,0,69,66,1999,110,1632,184,7,13,0,6,47,83.64182091,0.4002001,0.650325163,0,3.451725863,3.301650825,9.204602301,8.554277139,N,Y,N,N,2013
1807,1807,1807,175,115,60,99,199,248,235,197,86,7,1246,1066,578,1406,1688,621,653,18,62,0,277,57,1688,410,584,587,8,59,0,17,23,38.68483412,1.066350711,3.672985782,0,16.40995261,3.376777251,34.77488152,36.78909953,N,Y,N,N,2013
1808,1808,1808,176,223,107,168,314,491,375,379,146,7,2210,1758,992,2545,3041,859,1642,15,58,2,356,109,3041,566,1548,791,5,57,2,16,56,53.99539625,0.493258796,1.907267346,0.06576784,11.70667544,3.584347254,26.01118053,28.24728708,N,Y,N,N,2013
1809,1809,1809,177,190,101,130,239,324,301,263,114,9,1671,1101,693,1444,1606,960,372,7,41,1,160,65,1606,847,345,318,6,40,1,18,31,23.16313823,0.435865504,2.552926526,0.062266501,9.9626401,4.04732254,19.8007472,59.7758406,Y,N,N,N,2013
1810,1810,1810,178,263,148,219,336,431,502,353,166,7,2425,1459,971,2015,2337,1576,371,13,89,0,212,76,2337,1364,351,470,5,87,0,25,35,15.87505349,0.556268721,3.808301241,0,9.071459136,3.25203252,20.11125374,67.4368849,Y,N,N,N,2013
1811,1811,1811,179,118,68,107,166,211,227,154,95,3,1149,883,508,1328,1410,415,707,9,29,0,194,56,1410,298,664,390,4,28,0,7,19,50.14184397,0.638297872,2.056737589,0,13.75886525,3.971631206,27.65957447,29.43262411,N,Y,N,N,2013
1812,1812,1812,180,221,67,152,258,278,303,323,134,0,1736,1084,705,1466,1777,951,600,11,40,1,114,60,1777,803,561,342,8,38,1,3,21,33.76477209,0.619020822,2.250984806,0.05627462,6.415306697,3.376477209,19.24592009,53.51716376,Y,N,N,N,2013
1813,1813,1813,181,63,14,56,122,146,117,135,57,5,715,625,335,905,1147,381,578,3,33,0,116,36,1147,286,546,246,2,33,0,13,21,50.39232781,0.261551874,2.877070619,0,10.11333915,3.138622493,21.44725371,33.21708806,N,Y,N,N,2013
1814,1814,1814,182,89,48,41,111,131,130,155,60,4,769,679,362,946,1284,345,692,5,23,0,169,50,1284,222,647,349,2,20,0,17,27,53.894081,0.3894081,1.791277259,0,13.16199377,3.894080997,27.18068536,26.86915888,N,Y,N,N,2013
1815,1815,1815,183,140,50,115,180,283,221,216,105,5,1315,1017,583,1378,1723,301,1195,6,20,0,151,50,1723,215,1131,330,5,20,0,4,18,69.35577481,0.348229832,1.160766106,0,8.763784098,2.901915264,19.15264074,17.46952989,N,Y,N,N,2013
1816,1816,1816,184,308,141,181,502,321,362,553,143,6,2517,1191,927,1556,1733,1194,380,8,39,5,73,34,1733,1118,355,191,2,38,0,7,22,21.92729371,0.461627236,2.250432776,0.288517023,4.212348529,1.961915753,11.02135026,68.89786497,Y,N,N,N,2013
1817,1817,1817,185,216,91,103,262,226,253,372,96,4,1623,1297,730,1499,1650,689,665,10,44,1,171,70,1650,576,616,374,4,44,1,7,28,40.3030303,0.606060606,2.666666667,0.060606061,10.36363636,4.242424242,22.66666667,41.75757576,Y,N,N,N,2013
1818,1818,1818,186,179,114,135,302,320,279,362,129,9,1829,1503,833,1894,2356,1007,985,6,17,4,253,84,2356,827,913,537,4,17,0,16,42,41.80814941,0.25466893,0.721561969,0.169779287,10.7385399,3.565365025,22.79286927,42.74193548,Y,N,N,N,2013
1819,1819,1819,187,245,98,233,353,369,393,401,131,9,2232,1524,939,2263,2594,1046,1180,8,70,3,199,88,2594,864,1125,467,3,68,0,17,50,45.48959136,0.308404009,2.698535081,0.115651503,7.67154973,3.392444102,18.00308404,40.32382421,N,Y,N,N,2013
1820,1820,1820,188,432,240,220,482,321,369,515,159,4,2742,1542,1071,1989,2279,1486,518,5,42,1,169,58,2279,1417,490,254,4,42,1,38,33,22.72926722,0.219394471,1.842913559,0.043878894,7.415533129,2.544975867,11.14523914,65.20403686,Y,N,N,N,2013
1821,1821,1821,189,91,62,162,193,466,265,240,104,8,1591,1237,707,1858,2119,111,1810,11,2,0,123,62,2119,61,1748,237,7,1,0,20,45,85.41764983,0.519112789,0.094384143,0,5.804624823,2.925908447,11.184521,5.238319962,N,Y,N,N,2013
1822,1822,1822,190,314,110,204,303,332,337,422,117,4,2143,1277,855,1608,1753,1115,385,4,32,2,162,53,1753,945,355,387,1,28,2,10,25,21.96235026,0.228180262,1.825442099,0.114090131,9.241300627,3.023388477,22.07644039,63.60524815,Y,N,N,N,2013
1823,1823,1823,191,76,38,46,120,132,100,108,55,7,682,894,394,1078,1195,255,743,6,11,0,148,32,1195,165,696,305,0,11,0,8,10,62.17573222,0.50209205,0.920502092,0,12.38493724,2.677824268,25.52301255,21.33891213,N,Y,N,N,2013
1901,1901,1901,192,103,65,140,143,369,389,111,162,0,1482,798,570,1362,1990,1588,118,17,69,0,112,86,1990,1438,104,327,4,67,0,10,40,5.929648241,0.854271357,3.467336683,0,5.628140704,4.32160804,16.4321608,79.79899497,Y,N,N,N,2013
1902,1902,1902,193,191,114,218,342,465,570,391,286,6,2583,1237,955,1549,1878,1545,87,7,177,0,15,47,1878,1497,83,82,6,175,0,0,35,4.632587859,0.372736954,9.424920128,0,0.798722045,2.502662407,4.366347178,82.26837061,Y,N,N,N,2013
1903,1903,1903,194,91,57,124,159,339,401,144,217,5,1537,703,560,1080,1308,1121,61,4,65,3,19,35,1308,1080,59,66,0,64,3,6,30,4.663608563,0.305810398,4.96941896,0.229357798,1.452599388,2.675840979,5.04587156,85.70336391,Y,N,N,N,2013
1904,1904,1904,195,121,60,179,174,483,498,161,211,6,1893,1127,755,1546,1234,1038,61,3,41,0,48,43,1234,980,57,114,2,41,0,5,35,4.943273906,0.243111831,3.322528363,0,3.889789303,3.484602917,9.238249595,84.11669368,Y,N,N,N,2013
1905,1905,1905,196,86,83,145,212,395,449,168,194,2,1734,906,660,1344,1582,1239,158,8,70,0,71,36,1582,1125,143,209,5,70,0,8,22,9.987357775,0.505689001,4.424778761,0,4.487989886,2.275600506,13.21112516,78.31858407,Y,N,N,N,2013
1906,1906,1906,197,164,90,277,214,579,616,189,277,7,2413,1191,901,1722,1665,1390,123,8,69,0,33,42,1665,1319,110,125,6,69,0,6,30,7.387387387,0.48048048,4.144144144,0,1.981981982,2.522522523,7.507507508,83.48348348,Y,N,N,N,2013
1907,1907,1907,198,151,91,205,218,456,509,205,267,14,2116,1012,782,1738,1717,1105,211,8,136,0,184,73,1717,941,198,388,2,136,0,11,41,12.28887595,0.465928946,7.920792079,0,10.71636575,4.251601631,22.59755387,64.35643564,Y,N,N,N,2013
1908,1908,1908,199,52,41,145,118,311,336,110,157,1,1271,585,464,851,843,754,27,1,28,0,12,21,843,728,27,38,1,28,0,4,17,3.202846975,0.118623962,3.321470937,0,1.423487544,2.491103203,4.507710558,89.44246738,Y,N,N,N,2013
1909,1909,1909,200,61,48,138,101,268,291,95,149,10,1161,511,418,840,844,707,40,1,66,0,11,19,844,661,39,60,0,66,0,3,15,4.739336493,0.118483412,7.819905213,0,1.303317536,2.251184834,7.109004739,83.76777251,Y,N,N,N,2013
1910,1910,1910,201,195,103,171,283,392,406,264,163,10,1987,1217,801,1626,1817,1097,474,6,36,3,142,59,1817,928,425,394,4,35,3,6,22,26.08695652,0.33021464,1.981287837,0.16510732,7.815079802,3.247110622,21.68409466,60.37424326,Y,N,N,N,2013
1911,1911,1911,202,80,39,57,122,153,173,105,80,6,815,893,427,1349,1386,469,390,7,73,0,364,83,1386,232,342,694,2,73,0,7,36,28.13852814,0.505050505,5.266955267,0,26.26262626,5.988455988,50.07215007,33.83838384,N,N,Y,N,2013
1912,1912,1912,203,129,68,142,218,286,333,187,163,3,1529,739,567,1073,1133,750,237,7,19,1,74,45,1133,656,220,212,5,18,1,1,20,20.91791703,0.617828773,1.676963813,0.088261253,6.531332745,3.971756399,18.7113857,66.19593998,Y,N,N,N,2013
1913,1913,1913,204,120,45,97,154,214,238,146,106,5,1125,731,464,1114,1850,792,581,10,42,5,321,99,1850,516,516,732,2,42,4,9,29,31.40540541,0.540540541,2.27027027,0.27027027,17.35135135,5.351351351,39.56756757,42.81081081,Y,N,N,N,2013
2001,2001,2001,205,316,100,172,269,308,453,275,170,3,2066,1054,780,1465,1872,1672,79,4,55,0,44,18,1872,1603,71,115,1,54,0,13,15,4.22008547,0.213675214,2.938034188,0,2.35042735,0.961538462,6.143162393,89.31623932,Y,N,N,N,2013
2002,2002,2002,206,287,101,236,266,379,454,260,163,1,2147,1105,813,1708,1786,1285,248,9,67,0,120,57,1786,1129,218,333,3,66,0,7,30,13.88577828,0.503919373,3.751399776,0,6.718924972,3.191489362,18.6450168,71.94848824,Y,N,N,N,2013
2003,2003,2003,207,328,101,188,297,238,249,271,117,7,1796,1364,790,1751,1967,1118,543,4,121,0,133,48,1967,1001,508,298,4,121,0,7,28,27.60549059,0.203355363,6.151499746,0,6.761565836,2.440264362,15.14997458,56.8378241,Y,N,N,N,2013
2004,2004,2004,208,210,75,196,202,365,507,197,166,8,1926,866,698,1245,1132,972,74,0,21,0,42,23,1132,941,69,85,0,21,0,3,13,6.537102473,0,1.855123675,0,3.71024735,2.03180212,7.508833922,85.86572438,Y,N,N,N,2013
2005,2005,2005,209,489,157,203,421,242,282,428,132,10,2364,1268,908,1626,2961,2444,180,6,183,1,106,41,2961,2324,161,245,4,183,1,10,33,6.079027356,0.202634245,6.180344478,0.033772374,3.579871665,1.384667342,8.274231678,82.53968254,Y,N,N,N,2013
2006,2006,2006,210,404,206,293,458,389,437,404,226,0,2817,1223,1010,1668,1978,1797,67,8,64,1,17,24,1978,1735,67,82,7,63,1,3,20,3.387259858,0.404448938,3.235591507,0.050556117,0.859453994,1.213346815,4.145601618,90.84934277,Y,N,N,N,2013
2007,2007,2007,211,255,102,212,247,202,245,256,104,7,1630,742,593,993,1072,977,41,4,28,0,13,9,1072,933,37,62,4,28,0,2,6,3.824626866,0.373134328,2.611940299,0,1.212686567,0.839552239,5.78358209,91.1380597,Y,N,N,N,2013
2008,2008,2008,212,184,77,175,230,251,305,221,125,4,1572,796,592,1124,1391,1117,113,8,45,0,70,38,1391,1056,102,162,1,45,0,2,23,8.123652049,0.575125809,3.235082674,0,5.032350827,2.731847592,11.64629763,80.30194105,Y,N,N,N,2013
2009,2009,2009,213,216,81,167,218,263,306,263,111,10,1635,917,638,1256,1481,1136,188,1,14,0,109,33,1481,1027,176,243,0,14,0,7,14,12.69412559,0.067521945,0.945307225,0,7.359891965,2.228224173,16.40783255,76.7049291,Y,N,N,N,2013
2010,2010,2010,214,618,167,333,484,322,401,435,151,2,2913,1315,1057,1849,1488,1248,71,0,95,1,53,20,1488,1191,60,122,0,94,1,8,12,4.771505376,0,6.384408602,0.067204301,3.561827957,1.344086022,8.198924731,83.87096774,Y,N,N,N,2013
2011,2011,2011,215,181,73,112,191,203,249,186,110,0,1305,631,484,774,816,732,22,0,40,1,7,14,816,708,18,35,0,40,1,1,13,2.696078431,0,4.901960784,0.12254902,0.857843137,1.715686275,4.289215686,89.70588235,Y,N,N,N,2013
2012,2012,2012,216,359,121,187,307,229,297,286,104,20,1910,842,688,1022,1044,989,15,0,30,0,5,5,1044,974,14,23,0,30,0,0,3,1.436781609,0,2.873563218,0,0.478927203,0.478927203,2.203065134,94.73180077,Y,N,N,N,2013
2013,2013,2013,217,327,93,166,266,202,243,244,121,8,1670,790,615,948,952,858,19,0,56,1,12,6,952,842,19,29,0,56,1,3,2,1.995798319,0,5.882352941,0.105042017,1.260504202,0.630252101,3.046218487,90.12605042,Y,N,N,N,2013
2014,2014,2014,218,421,90,208,286,203,302,253,113,1,1877,723,650,958,915,845,18,1,36,0,6,9,915,828,13,28,1,36,0,1,8,1.967213115,0.109289617,3.93442623,0,0.655737705,0.983606557,3.06010929,92.34972678,Y,N,N,N,2013
2015,2015,2015,219,419,143,219,403,248,311,401,136,8,2288,1420,927,1875,2041,1593,160,7,186,0,69,26,2041,1525,140,154,4,185,0,8,25,7.839294463,0.342969133,9.113179814,0,3.380695737,1.27388535,7.545320921,78.0499755,Y,N,N,N,2013
2016,2016,2016,220,507,209,253,500,304,350,481,156,6,2766,1430,1049,1805,2031,1704,87,2,164,2,45,27,2031,1640,79,126,0,164,1,8,13,4.283604136,0.098473658,8.07483998,0.098473658,2.215657312,1.329394387,6.203840473,83.89955687,Y,N,N,N,2013
2017,2017,2017,221,500,196,271,527,357,466,516,222,13,3068,1564,1158,1881,1926,1763,55,1,84,0,6,17,1926,1708,52,70,0,84,0,0,12,2.855659398,0.05192108,4.361370717,0,0.31152648,0.882658359,3.634475597,91.53686397,Y,N,N,N,2013
2018,2018,2018,222,234,91,147,239,200,290,245,106,2,1554,714,567,969,1041,908,48,7,59,0,8,11,1041,880,45,45,2,59,0,5,5,4.610951009,0.672430355,5.667627281,0,0.768491835,1.056676273,4.322766571,87.22382325,Y,N,N,N,2013
2019,2019,2019,223,259,140,196,277,196,287,287,116,4,1762,802,641,973,1038,961,11,0,56,0,4,6,1038,927,10,41,0,56,0,2,2,1.05973025,0,5.394990366,0,0.385356455,0.578034682,3.949903661,92.58188825,Y,N,N,N,2013
2020,2020,2020,224,338,167,244,368,271,413,308,181,7,2297,1023,830,1682,2367,1882,102,1,283,0,50,49,2367,1796,97,135,1,283,0,15,40,4.309252218,0.042247571,11.95606253,0,2.112378538,2.070130967,5.703422053,79.50992818,Y,N,N,N,2013
2101,2101,2101,225,30,23,50,97,144,148,93,101,7,693,475,292,1758,3936,2804,140,8,776,5,78,125,3936,2608,132,298,7,773,3,14,101,3.556910569,0.203252033,19.71544715,0.12703252,1.981707317,3.175813008,7.571138211,71.2398374,Y,N,N,N,2013
2102,2102,2102,226,6,7,10,12,25,31,13,19,0,123,109,58,1357,6796,4675,223,3,1512,0,115,268,6796,4319,204,525,2,1500,0,20,226,3.281341966,0.044143614,22.2483814,0,1.692171866,3.943496174,7.725132431,68.79046498,Y,N,N,N,2013
2103,2103,2103,227,23,16,40,36,56,66,37,32,1,307,245,138,1308,3700,2379,137,6,956,1,101,120,3700,2212,127,256,5,946,1,46,107,3.702702703,0.162162162,25.83783784,0.027027027,2.72972973,3.243243243,6.918918919,64.2972973,Y,N,N,N,2013
2104,2104,2104,228,14,21,31,35,52,71,27,33,5,289,211,125,1038,2966,1914,77,2,596,1,240,136,2966,1775,76,326,1,594,1,101,92,2.596089009,0.067430883,20.09440324,0.033715442,8.091706001,4.585300067,10.99123399,64.53135536,Y,N,N,N,2013
2105,2105,2105,229,36,36,45,74,101,125,51,46,8,522,290,203,1464,2668,1915,106,2,511,3,64,67,2668,1792,98,184,0,507,2,29,56,3.973013493,0.074962519,19.15292354,0.112443778,2.3988006,2.511244378,6.896551724,71.77661169,Y,N,N,N,2013
2106,2106,2106,230,66,62,90,162,137,170,115,60,3,865,371,309,1101,2860,2162,94,5,405,3,108,83,2860,2024,89,216,2,404,3,51,71,3.286713287,0.174825175,14.16083916,0.104895105,3.776223776,2.902097902,7.552447552,75.59440559,Y,N,N,N,2013
2107,2107,2107,231,54,51,73,106,127,161,90,67,2,731,325,264,1466,1555,1017,152,5,207,3,107,64,1555,858,131,290,2,206,3,16,49,9.774919614,0.321543408,13.31189711,0.192926045,6.881028939,4.115755627,18.64951768,65.40192926,Y,N,N,N,2013
2108,2108,2108,232,29,35,54,64,116,118,62,59,9,546,418,241,1692,2811,2080,124,6,433,1,104,63,2811,1981,118,196,2,432,1,31,50,4.411241551,0.213447172,15.4037709,0.035574529,3.699750978,2.241195304,6.972607613,73.99501957,Y,N,N,N,2013
2109,2109,2109,233,47,40,51,130,152,148,115,60,2,745,535,320,1850,2881,1824,255,11,555,1,140,95,2881,1691,230,304,4,553,1,24,74,8.85109337,0.381811871,19.26414439,0.03471017,4.859423811,3.297466158,10.5518917,63.31135023,Y,N,N,N,2013
2110,2110,2110,234,52,57,49,125,107,145,103,74,1,713,467,295,1335,2112,1504,152,2,313,1,74,66,2112,1399,134,214,1,311,1,7,45,7.196969697,0.09469697,14.82007576,0.047348485,3.503787879,3.125,10.13257576,71.21212121,Y,N,N,N,2013
2111,2111,2111,235,48,51,69,135,128,190,108,67,3,799,545,336,1684,2664,1982,82,4,465,0,67,64,2664,1890,76,161,2,465,0,18,52,3.078078078,0.15015015,17.45495495,0,2.515015015,2.402402402,6.043543544,74.3993994,Y,N,N,N,2013
2112,2112,2112,236,37,47,62,203,208,230,179,65,4,1035,661,424,1602,2414,2051,85,2,198,2,36,40,2414,1972,76,126,1,196,2,8,33,3.521126761,0.082850041,8.202154101,0.082850041,1.491300746,1.657000829,5.21955261,84.96271748,Y,N,N,N,2013
2113,2113,2113,237,75,67,94,405,414,469,373,98,3,1998,950,737,2067,2772,2133,52,1,502,1,39,44,2772,2088,48,76,0,502,1,17,40,1.875901876,0.036075036,18.10966811,0.036075036,1.406926407,1.587301587,2.741702742,76.94805195,Y,N,N,N,2013
2114,2114,2114,238,27,27,45,64,71,92,48,46,3,423,249,168,927,1528,1253,44,2,175,0,20,34,1528,1197,42,83,2,175,0,2,27,2.879581152,0.130890052,11.45287958,0,1.308900524,2.22513089,5.431937173,82.0026178,Y,N,N,N,2013
2115,2115,2115,239,22,27,52,77,116,114,79,57,2,546,322,217,1196,1905,1545,54,6,236,2,32,30,1905,1488,53,87,4,235,2,11,25,2.834645669,0.31496063,12.38845144,0.104986877,1.679790026,1.57480315,4.566929134,81.1023622,Y,N,N,N,2013
2116,2116,2116,240,59,67,124,185,253,241,155,128,5,1217,651,467,1637,5369,4299,265,4,567,0,88,146,5369,4024,248,393,4,564,0,11,125,4.935742224,0.074501769,10.56062581,0,1.639038927,2.719314584,7.319798845,80.07077668,Y,N,N,N,2013
2201,2201,2201,241,63,75,84,187,155,234,185,99,8,1090,722,453,1880,5112,3220,357,17,1026,1,278,213,5112,2804,315,712,8,1022,1,68,182,6.983568075,0.332550861,20.07042254,0.019561815,5.438184664,4.166666667,13.92801252,62.98904538,Y,N,N,N,2013
2202,2202,2202,242,79,98,102,193,183,259,187,107,8,1216,892,527,2008,2937,1933,163,8,404,2,315,112,2937,1738,146,480,3,401,2,98,69,5.549880831,0.272386789,13.75553286,0.068096697,10.72522983,3.813415049,16.34320735,65.81545795,Y,N,N,N,2013
2203,2203,2203,243,74,87,82,202,166,221,213,86,0,1131,757,472,1615,2369,1875,78,3,306,0,73,34,2369,1787,70,157,3,305,0,21,26,3.292528493,0.126635711,12.91684255,0,3.081468974,1.435204728,6.62726889,79.14731954,Y,N,N,N,2013
2204,2204,2204,244,65,66,90,172,162,201,165,91,9,1021,583,401,1100,1406,1133,57,0,154,0,42,20,1406,1085,55,87,0,151,0,10,18,4.054054054,0,10.95305832,0,2.987197724,1.422475107,6.187766714,80.58321479,Y,N,N,N,2013
2205,2205,2205,245,27,35,34,112,91,121,123,35,9,587,489,269,948,1642,1010,116,3,185,0,251,77,1642,894,99,270,1,184,0,136,58,7.06455542,0.182704019,11.26674787,0,15.2862363,4.689403167,16.44336175,61.51035323,Y,N,N,N,2013
2206,2206,2206,246,38,37,45,112,89,94,107,45,5,572,416,247,972,1585,1157,41,1,221,0,117,48,1585,1066,32,169,1,221,0,58,38,2.586750789,0.063091483,13.94321767,0,7.38170347,3.028391167,10.66246057,72.99684543,Y,N,N,N,2013
2207,2207,2207,247,70,72,110,182,178,211,187,90,2,1102,726,457,1422,2079,1628,118,4,160,1,121,47,2079,1552,109,164,3,159,1,52,39,5.675805676,0.192400192,7.696007696,0.048100048,5.82010582,2.260702261,7.888407888,78.30687831,Y,N,N,N,2013
2208,2208,2208,248,59,57,84,170,163,205,152,96,3,989,643,408,1279,2065,1583,61,1,357,0,26,37,2065,1505,58,108,1,354,0,8,31,2.953995157,0.04842615,17.28813559,0,1.259079903,1.791767554,5.230024213,76.65859564,Y,N,N,N,2013
2209,2209,2209,249,47,48,64,121,140,183,121,73,1,798,566,341,1283,2018,1564,40,0,319,2,33,60,2018,1498,37,99,0,319,2,11,52,1.982160555,0,15.80773043,0.099108028,1.635282458,2.973240833,4.905847374,77.5024777,Y,N,N,N,2013
2210,2210,2210,250,88,111,117,232,223,280,245,116,8,1420,756,544,1532,2442,1984,90,1,250,0,73,44,2442,1842,81,207,1,248,0,34,29,3.685503686,0.040950041,10.23751024,0,2.989352989,1.801801802,8.476658477,81.24488124,Y,N,N,N,2013
2211,2211,2211,251,70,67,86,165,118,152,157,67,1,883,561,361,1065,1315,1019,66,5,155,0,29,41,1315,949,64,109,1,152,0,12,28,5.019011407,0.380228137,11.78707224,0,2.205323194,3.117870722,8.288973384,77.4904943,Y,N,N,N,2013
2212,2212,2212,252,63,77,63,181,117,136,179,68,11,895,585,370,1144,1646,1007,164,8,242,1,158,66,1646,903,138,299,5,242,0,29,30,9.963547995,0.486026731,14.70230863,0.060753341,9.599027947,4.009720535,18.16524909,61.17861482,Y,N,N,N,2013
2213,2213,,253,58,64,70,135,118,129,161,46,0,781,479,315,852,,,,,,,,,,,,,,,,,,,,,,,,,,,,,,