,Ward_Precinct,Unnamed: 0,Unnamed: 0.1,MICHELLE WU,PAT PAYASO,MICHAEL F FLAHERTY,AYANNA S PRESSLEY,DOMINGOS DAROSA,ALTHEA GARRISON,ANNISSA E GEORGE,WILLIAM A KING,ALL OTHERS,VOTES CAST,BLANKS,BALLOTS CAST,Registered Voters,Turnout,Unnamed: 0.1.1,Precinct,Total,White,Black or African American,American Indian and Alaska Native,Asian,Native Hawaiian and Other Pacific Islander,Some Other Race,Two or More Races,Total.1,White (alone),Black or African American (alone),Hispanic or Latino (alone),American Indian and Alaska Native (alone),Asian (alone),Native Hawaiian and Other Pacific Islander (alone),Some Other Race/Ethnicity (alone),Two or More Races/Ethnicities  (alone),Black Percentage,Native American Percentage,Asian Percentage,Native Hawaiian/Pacific Islander Percentage,Other Race Percentage,Two or more races Percentage,Hispanic Percentage,White Percentage,Hispanic & Black Percentage,Black plurality (Y/N),Pressley percentage,Wu Percentage,Flaherty Percentage,Annissa Percentage,Latino plurality (Y/N),White plurality (Y/N),Asian plurality (Y/N),Year
0,101,0,0,320,33,216,254,50,66,227,37,1,1204,776,495,1397,0.354330709,1,101,1717,1369,55,7,49,4,173,60,1717,1074,38,503,3,45,0,27,27,3.203261503,0.407687828,2.853814793,0.232964473,10.07571345,3.494467094,29.29528247,79.73209086,32.49854397,N,21.09634551,26.57807309,17.94019934,18.8538206,N,Y,N,2017
1,102,1,1,159,21,154,98,23,29,99,15,3,601,591,298,1035,0.287922705,2,102,2071,1520,61,3,42,0,351,94,2071,828,40,1073,2,42,0,53,33,2.945436987,0.144857557,2.028005794,0,16.94833414,4.538870111,51.81071946,73.39449541,54.75615645,N,16.30615641,26.45590682,25.62396007,16.47254576,N,Y,N,2017
2,103,2,2,408,60,289,305,85,97,249,63,9,1565,1279,711,2379,0.298865069,3,103,3179,1989,278,10,228,0,494,180,3179,1275,212,1314,5,227,0,57,89,8.74488833,0.314564328,7.172066688,0,15.53947782,5.662157911,41.33375275,62.56684492,50.07864108,N,19.48881789,26.07028754,18.46645367,15.91054313,N,Y,N,2017
3,104,3,3,130,15,96,82,25,19,70,29,1,467,453,230,798,0.288220551,4,104,1884,1097,57,12,38,1,555,124,1884,512,43,1203,6,37,0,59,24,3.025477707,0.636942675,2.016985138,0.053078556,29.45859873,6.581740977,63.85350318,58.22717622,66.87898089,N,17.55888651,27.8372591,20.55674518,14.98929336,Y,N,N,2017
4,105,4,4,207,23,184,140,52,39,133,25,3,806,614,355,1255,0.282868526,5,105,2888,1659,77,22,76,5,896,153,2888,969,47,1664,1,74,0,93,40,2.666204986,0.761772853,2.631578947,0.173130194,31.02493075,5.297783934,57.61772853,57.44459834,60.28393352,N,17.36972705,25.68238213,22.82878412,16.50124069,Y,N,N,2017
5,106,5,5,160,23,109,109,35,30,129,18,6,619,633,313,1171,0.267292912,6,106,2507,1488,78,16,61,1,749,114,2507,807,59,1479,5,61,0,60,36,3.111288393,0.638213004,2.433187076,0.039888313,29.87634623,4.547267651,58.99481452,59.35380933,62.10610291,N,17.60904685,25.84814216,17.60904685,20.84006462,N,Y,N,2017
6,107,6,6,169,28,147,136,22,43,143,20,5,713,647,340,1218,0.279146141,7,107,2388,1407,108,11,72,0,652,138,2388,709,76,1451,6,72,0,43,31,4.522613065,0.460636516,3.015075377,0,27.30318258,5.778894472,60.76214405,58.91959799,65.28475712,N,19.0743338,23.7026648,20.6171108,20.05610098,Y,N,N,2017
7,108,7,7,213,29,198,153,56,43,189,36,13,930,978,477,1708,0.279274005,8,108,2902,1700,119,18,191,0,723,151,2902,912,76,1669,5,188,0,8,44,4.100620262,0.620261888,6.581667815,0,24.91385252,5.203308063,57.51206065,58.58028946,61.61268091,N,16.4516129,22.90322581,21.29032258,20.32258065,N,Y,N,2017
8,109,8,8,160,24,154,109,29,33,141,18,2,670,706,344,1093,0.314730101,9,109,2086,1387,63,8,41,0,496,91,2086,734,44,1216,1,38,0,30,23,3.020134228,0.383509108,1.96548418,0,23.77756472,4.362416107,58.29338447,66.49089166,61.3135187,N,16.26865672,23.88059701,22.98507463,21.04477612,N,Y,N,2017
9,110,9,9,90,9,78,65,12,21,66,12,0,353,419,193,742,0.260107817,10,110,1862,1176,43,8,64,1,473,97,1862,552,38,1165,0,62,1,38,6,2.309344791,0.429645542,3.437164339,0.053705693,25.4027927,5.209452202,62.56713212,63.15789474,64.87647691,N,18.41359773,25.49575071,22.09631728,18.69688385,N,Y,N,2017
10,111,10,10,285,46,278,172,43,42,192,40,1,1099,1165,566,1425,0.397192982,11,111,2722,2141,79,13,87,2,337,63,2722,1610,57,923,0,87,1,19,25,2.902277737,0.477590007,3.19617928,0.073475386,12.3806025,2.314474651,33.90889052,78.65540044,36.81116826,N,15.65059145,25.93266606,25.29572338,17.47042766,N,Y,N,2017
11,112,11,11,269,35,310,184,49,50,195,35,3,1130,1038,542,1365,0.397069597,12,112,1833,1516,33,10,49,0,175,50,1833,1231,26,476,8,49,0,24,19,1.800327332,0.545553737,2.673213312,0,9.547190398,2.727768685,25.96835788,82.70594654,27.76868522,N,16.28318584,23.80530973,27.43362832,17.25663717,N,Y,N,2017
12,113,12,12,315,35,317,205,53,69,193,51,5,1243,1305,637,1916,0.332463466,13,113,2624,1792,226,10,99,0,392,105,2624,1192,178,1099,5,95,0,28,27,8.612804878,0.381097561,3.772865854,0,14.93902439,4.00152439,41.88262195,68.29268293,50.49542683,N,16.4923572,25.34191472,25.50281577,15.52695093,N,Y,N,2017
13,114,13,13,153,17,196,106,23,27,111,17,1,651,669,330,960,0.34375,14,114,820,717,21,1,37,1,29,14,820,613,16,145,0,36,1,1,8,2.56097561,0.12195122,4.512195122,0.12195122,3.536585366,1.707317073,17.68292683,87.43902439,20.24390244,N,16.28264209,23.50230415,30.10752688,17.05069124,N,Y,N,2017
14,115,14,14,0,0,0,0,0,0,0,0,0,0,0,0,18,0,15,115,530,208,217,2,7,1,78,17,530,165,204,130,2,7,1,13,8,40.94339623,0.377358491,1.320754717,0.188679245,14.71698113,3.20754717,24.52830189,39.24528302,65.47169811,Y,,,,,N,N,N,2017
15,201,15,15,475,34,505,365,36,108,260,59,6,1848,1328,794,2209,0.35943866,16,201,1690,1606,11,0,51,1,15,6,1690,1586,9,36,0,51,1,1,6,0.650887574,0,3.017751479,0.059171598,0.887573964,0.355029586,2.130177515,95.0295858,2.781065089,N,19.75108225,25.7034632,27.32683983,14.06926407,N,Y,N,2017
16,202,16,16,508,60,497,377,64,113,294,75,13,2001,1499,875,2985,0.293132328,17,202,3716,2422,367,11,602,7,220,87,3716,2182,309,540,5,601,7,22,50,9.87621098,0.296017223,16.20021529,0.188374596,5.920344456,2.341227126,14.53175457,65.17761033,24.40796555,N,18.84057971,25.38730635,24.83758121,14.69265367,N,Y,N,2017
17,203,17,17,411,35,308,300,44,90,226,31,5,1450,890,585,1470,0.397959184,18,203,1652,1594,7,3,24,0,6,18,1652,1576,7,27,3,23,0,1,15,0.423728814,0.181598063,1.452784504,0,0.363196126,1.089588378,1.634382567,96.48910412,2.05811138,N,20.68965517,28.34482759,21.24137931,15.5862069,N,Y,N,2017
18,204,18,18,307,29,310,224,28,69,183,32,6,1188,1004,548,1498,0.365821095,19,204,1457,1040,132,5,146,0,90,44,1457,966,100,230,0,145,0,3,13,9.059711736,0.343170899,10.02059025,0,6.177076184,3.019903912,15.78586136,71.37954701,24.8455731,N,18.85521886,25.84175084,26.09427609,15.4040404,N,Y,N,2017
19,205,19,19,375,31,381,272,34,82,229,47,5,1456,900,589,1580,0.37278481,20,205,1602,1561,6,0,22,1,3,9,1602,1548,6,18,0,21,0,1,8,0.374531835,0,1.373283396,0.062421973,0.187265918,0.561797753,1.123595506,97.44069913,1.498127341,N,18.68131868,25.75549451,26.16758242,15.72802198,N,Y,N,2017
20,206,20,20,494,50,575,357,38,103,283,49,6,1955,1485,860,2022,0.425321464,21,206,2278,2014,40,3,161,1,29,30,2278,1968,34,94,2,160,1,1,18,1.755926251,0.131694469,7.067603161,0.043898156,1.273046532,1.316944688,4.12642669,88.41088674,5.882352941,N,18.26086957,25.2685422,29.41176471,14.47570332,N,Y,N,2017
21,207,21,21,335,30,407,231,39,61,186,33,4,1326,958,571,1567,0.364390555,22,207,1359,1256,26,0,63,0,5,9,1359,1230,25,28,0,63,0,4,9,1.91317145,0,4.635761589,0,0.367917586,0.662251656,2.060338484,92.42089772,3.973509934,N,17.42081448,25.26395173,30.69381599,14.02714932,N,Y,N,2017
22,301,22,22,656,63,596,451,74,158,385,76,20,2479,1949,1107,3033,0.364985163,23,301,3998,3619,129,8,137,0,50,55,3998,3522,125,156,6,136,0,7,46,3.226613307,0.20010005,3.426713357,0,1.250625313,1.375687844,3.901950975,90.52026013,7.128564282,N,18.19281969,26.46228318,24.0419524,15.53045583,N,Y,N,2017
23,302,23,23,272,30,222,196,30,53,176,25,4,1008,844,463,1625,0.284923077,24,302,1866,1771,20,1,44,1,20,9,1866,1719,16,71,1,43,1,6,9,1.071811361,0.053590568,2.357984995,0.053590568,1.071811361,0.482315113,3.804930332,94.90889603,4.876741693,N,19.44444444,26.98412698,22.02380952,17.46031746,N,Y,N,2017
24,303,24,24,284,24,284,183,42,52,158,29,6,1062,950,503,1807,0.278361926,25,303,2362,2234,13,6,68,0,19,22,2362,2177,12,74,5,67,0,6,21,0.550381033,0.254022015,2.878916173,0,0.804403048,0.931414056,3.132938188,94.58086367,3.683319221,N,17.23163842,26.74199623,26.74199623,14.87758945,N,Y,N,2017
25,304,25,25,303,39,284,186,45,78,174,34,8,1151,1093,561,1786,0.314109742,26,304,1910,1823,14,6,37,2,9,19,1910,1766,14,69,5,37,2,4,13,0.732984293,0.314136126,1.937172775,0.104712042,0.471204188,0.994764398,3.612565445,95.44502618,4.345549738,N,16.15986099,26.32493484,24.67419635,15.11728931,N,Y,N,2017
26,305,26,26,495,61,339,342,85,131,280,66,5,1804,832,659,3073,0.214448422,27,305,4660,3353,541,4,640,0,49,73,4660,3006,536,404,4,637,0,9,64,11.60944206,0.08583691,13.73390558,0,1.051502146,1.566523605,8.669527897,71.9527897,20.27896996,N,18.9578714,27.43902439,18.79157428,15.5210643,N,Y,N,2017
27,306,27,27,569,60,371,420,59,148,353,84,11,2075,857,733,4266,0.171823722,28,306,5373,4484,246,11,455,3,79,95,5373,4291,226,284,10,454,3,18,87,4.578447795,0.20472734,8.468267262,0.055834729,1.470314536,1.768099758,5.285687698,83.45430858,9.864135492,N,20.24096386,27.42168675,17.87951807,17.01204819,N,Y,N,2017
28,307,28,28,943,71,598,682,88,228,499,64,23,3196,1700,1224,3810,0.321259843,29,307,3951,2911,233,10,629,0,96,72,3951,2788,210,262,7,627,0,9,48,5.897241205,0.253100481,15.92002025,0,2.429764617,1.822323462,6.631232599,73.67754999,12.5284738,N,21.33917397,29.50563204,18.71088861,15.61326658,N,Y,N,2017
29,308,29,29,964,57,480,637,78,160,554,72,36,3038,2186,1306,5709,0.228761604,30,308,7821,3585,377,4,3598,4,103,150,7821,3347,351,386,4,3594,3,15,121,4.820355453,0.051144355,46.00434727,0.051144355,1.31696714,1.91791331,4.935430252,45.83812812,9.755785705,N,20.96774194,31.73140224,15.79986833,18.23568137,N,N,Y,2017
30,401,30,30,553,20,319,397,36,90,303,44,4,1766,914,670,1784,0.375560538,31,401,2011,1736,70,4,129,0,35,37,2011,1667,64,102,4,129,0,18,27,3.480855296,0.198906017,6.414719045,0,1.740427648,1.839880656,5.072103431,86.32521134,8.552958727,N,22.4801812,31.31370328,18.06342016,17.15741789,N,Y,N,2017
31,402,31,31,501,38,290,397,53,150,248,54,11,1742,1050,698,3015,0.231509121,32,402,3532,2541,390,8,468,0,54,71,3532,2397,375,212,7,466,0,11,64,11.0419026,0.226500566,13.25028313,0,1.528878822,2.010192525,6.002265006,71.94224236,17.04416761,N,22.78989667,28.76004592,16.64753157,14.23650976,N,Y,N,2017
32,403,32,32,346,14,192,267,37,84,194,30,0,1164,536,425,1247,0.340817963,33,403,1337,985,211,2,81,0,27,31,1337,938,200,93,2,81,0,2,21,15.7816006,0.149588631,6.058339566,0,2.019446522,2.318623785,6.955871354,73.6724009,22.73747195,N,22.93814433,29.72508591,16.49484536,16.66666667,N,Y,N,2017
33,404,33,33,362,37,202,271,42,98,167,38,7,1224,636,465,1797,0.258764608,34,404,2256,1625,358,5,143,1,54,70,2256,1520,337,199,3,143,1,8,45,15.86879433,0.221631206,6.338652482,0.044326241,2.393617021,3.102836879,8.820921986,72.03014184,24.68971631,N,22.14052288,29.5751634,16.50326797,13.64379085,N,Y,N,2017
34,405,34,34,228,16,166,182,13,62,124,22,7,820,552,343,1520,0.225657895,35,405,2953,2098,294,5,448,1,47,60,2953,1947,282,215,5,445,1,7,51,9.955976973,0.169319336,15.17101253,0.033863867,1.591601761,2.031832035,7.28073146,71.0463935,17.23670843,N,22.19512195,27.80487805,20.24390244,15.12195122,N,Y,N,2017
35,406,35,35,183,20,122,137,35,61,107,33,6,704,404,277,1327,0.208741522,36,406,2498,1639,235,9,437,0,84,94,2498,1494,222,264,8,437,0,14,59,9.407526021,0.360288231,17.4939952,0,3.362690152,3.763010408,10.56845476,65.61248999,19.97598078,N,19.46022727,25.99431818,17.32954545,15.19886364,N,Y,N,2017
36,407,36,36,176,18,106,148,36,62,117,26,0,689,315,251,1357,0.184966839,37,407,4109,2808,291,10,745,2,114,139,4109,2631,276,329,6,742,2,12,111,7.082015089,0.243368216,18.1309321,0.048673643,2.774397664,3.382818204,8.00681431,68.33779508,15.0888294,N,21.48040639,25.54426705,15.38461538,16.98113208,N,Y,N,2017
37,408,37,37,181,20,113,139,24,58,99,27,2,663,389,263,1437,0.183020181,38,408,4521,3301,284,8,701,2,111,114,4521,3106,266,331,6,696,1,20,95,6.281796063,0.176952002,15.50541916,0.044238,2.455209025,2.521566025,7.321389073,73.01481973,13.60318514,N,20.9653092,27.30015083,17.04374057,14.9321267,N,Y,N,2017
38,409,38,38,63,12,34,63,20,30,36,11,1,270,214,121,1115,0.108520179,39,409,4347,3085,411,13,450,3,223,162,4347,2822,368,573,6,447,3,9,119,9.454796411,0.299056821,10.35196687,0.069013112,5.129974695,3.726708075,13.18150449,70.96848401,22.6363009,N,23.33333333,23.33333333,12.59259259,13.33333333,N,Y,N,2017
39,410,39,39,48,13,23,40,16,13,26,8,1,188,56,61,781,0.078104994,40,410,5545,4247,359,6,601,5,155,172,5545,4098,328,350,3,592,4,19,151,6.474301172,0.108205591,10.83859333,0.090171326,2.795311091,3.101893598,6.311992786,76.5915239,12.78629396,N,21.27659574,25.53191489,12.23404255,13.82978723,N,Y,N,2017
40,501,40,40,981,43,536,654,81,176,573,63,20,3127,1937,1266,4518,0.280212483,41,501,6467,4012,300,8,1921,1,103,122,6467,3858,277,288,7,1920,1,18,98,4.638936137,0.123704964,29.7046544,0.01546312,1.592701407,1.886500696,4.453378692,62.03803928,9.092314829,N,20.91461465,31.37192197,17.14102974,18.32427247,N,Y,N,2017
41,502,41,41,170,15,101,144,30,54,107,28,2,651,365,254,1456,0.174450549,42,502,4207,3131,194,8,606,2,130,136,4207,2904,178,401,5,601,2,11,105,4.611362016,0.190159258,14.40456382,0.047539815,3.090087949,3.232707392,9.531732826,74.42357975,14.14309484,N,22.11981567,26.11367127,15.51459293,16.43625192,N,Y,N,2017
42,503,42,42,299,13,173,208,29,67,185,21,5,1000,412,353,1697,0.208014143,43,503,1873,1744,20,0,92,0,8,9,1873,1695,17,58,0,92,0,3,8,1.067805659,0,4.911906033,0,0.427122264,0.480512547,3.096636412,93.1126535,4.164442072,N,20.8,29.9,17.3,18.5,N,Y,N,2017
43,504,43,43,292,22,175,219,37,84,202,34,5,1070,410,370,2186,0.16925892,44,504,2702,2405,70,2,153,1,29,42,2702,2324,68,106,2,152,1,12,37,2.590673575,0.074019245,5.662472243,0.037009623,1.073279053,1.554404145,3.923019985,89.00814212,6.51369356,N,20.46728972,27.28971963,16.35514019,18.87850467,N,Y,N,2017
44,505,44,44,196,11,106,129,22,39,91,15,5,614,334,237,680,0.348529412,45,505,677,636,4,1,21,0,1,14,677,624,4,17,1,21,0,1,9,0.59084195,0.147710487,3.101920236,0,0.147710487,2.067946824,2.511078287,93.94387001,3.101920236,N,21.00977199,31.9218241,17.26384365,14.82084691,N,Y,N,2017
45,506,45,45,279,25,168,185,34,75,150,27,1,944,512,364,1809,0.201216142,46,506,2212,1965,77,3,114,0,21,32,2212,1896,65,104,3,114,0,4,26,3.481012658,0.13562387,5.153707052,0,0.949367089,1.446654611,4.701627486,88.83363472,8.182640145,N,19.59745763,29.55508475,17.79661017,15.88983051,N,Y,N,2017
46,507,46,46,362,37,207,261,54,102,210,46,4,1283,673,489,2122,0.230442978,47,507,2626,2323,54,2,175,1,26,45,2626,2231,50,126,2,175,1,3,38,2.056359482,0.076161462,6.664127951,0.038080731,0.99009901,1.713632902,4.798172125,88.46153846,6.854531607,N,20.34294622,28.21512081,16.1340608,16.36788776,N,Y,N,2017
47,508,47,47,313,18,164,234,29,79,168,29,11,1045,595,410,1909,0.214772132,48,508,2585,2200,65,1,214,0,34,71,2585,2108,63,125,1,212,0,15,61,2.51450677,0.03868472,8.278529981,0,1.315280464,2.746615087,4.835589942,85.10638298,7.350096712,N,22.3923445,29.95215311,15.6937799,16.07655502,N,Y,N,2017
48,509,48,48,365,44,219,267,55,81,227,37,4,1299,501,450,2663,0.168982351,49,509,4112,3372,89,3,513,0,53,82,4112,3174,84,262,3,506,0,13,70,2.164396887,0.072957198,12.47568093,0,1.288910506,1.994163424,6.371595331,82.00389105,8.535992218,N,20.55427252,28.09853734,16.8591224,17.47498075,N,Y,N,2017
49,510,49,49,201,27,119,145,42,80,127,42,5,788,368,289,1967,0.14692425,50,510,6184,4078,207,15,1529,0,110,245,6184,3749,197,478,12,1517,0,21,210,3.347347995,0.242561449,24.72509702,0,1.778783959,3.961836999,7.729624838,65.94437257,11.07697283,N,18.40101523,25.50761421,15.10152284,16.11675127,N,Y,N,2017
50,511,50,50,260,21,158,179,40,64,146,25,8,901,411,328,1167,0.281062554,51,511,1322,1222,11,0,68,0,7,14,1322,1179,11,51,0,67,0,2,12,0.832072617,0,5.143721634,0,0.529500756,1.059001513,3.857791225,92.43570348,4.689863843,N,19.86681465,28.85682575,17.53607103,16.20421754,N,Y,N,2017
51,601,51,51,652,53,564,510,87,156,443,68,8,2541,1355,974,5112,0.190532081,52,601,4089,3123,260,7,332,2,253,112,4089,2899,190,582,4,330,2,16,66,6.358522866,0.171191,8.119344583,0.048911714,6.187331866,2.739056004,14.23330888,76.37564197,20.59183174,N,20.07083825,25.6591893,22.19598583,17.43408107,N,Y,N,2017
52,602,52,52,196,20,253,128,39,45,137,27,3,848,656,376,1458,0.257887517,53,602,1387,1089,85,1,102,0,90,20,1387,1055,66,143,1,97,0,11,14,6.128334535,0.072098053,7.354001442,0,6.488824802,1.441961067,10.31002163,78.5147801,16.43835616,N,15.09433962,23.11320755,29.83490566,16.15566038,N,Y,N,2017
53,603,53,53,232,20,312,165,19,52,172,35,6,1013,615,407,1989,0.20462544,54,603,1848,1711,22,10,78,1,8,18,1848,1686,19,38,7,78,1,3,16,1.19047619,0.541125541,4.220779221,0.054112554,0.432900433,0.974025974,2.056277056,92.58658009,3.246753247,N,16.28825271,22.90227048,30.79960513,16.9792695,N,Y,N,2017
54,604,54,54,256,22,356,183,31,45,199,20,12,1124,808,483,1923,0.251170047,55,604,1801,1666,14,4,77,0,12,28,1801,1646,14,40,2,77,0,2,20,0.777345919,0.222098834,4.275402554,0,0.666296502,1.554691838,2.22098834,92.50416435,2.998334259,N,16.28113879,22.77580071,31.67259786,17.70462633,N,Y,N,2017
55,605,55,55,238,28,332,177,28,61,195,25,1,1085,735,455,1736,0.262096774,56,605,1678,1617,8,2,31,1,11,8,1678,1598,7,28,1,31,1,5,7,0.476758045,0.119189511,1.847437426,0.059594756,0.655542312,0.476758045,1.668653159,96.3647199,2.145411204,N,16.31336406,21.93548387,30.59907834,17.97235023,N,Y,N,2017
56,606,56,56,291,19,457,148,16,37,187,15,12,1182,998,545,1604,0.339775561,57,606,1503,1459,14,1,13,0,6,10,1503,1453,12,12,1,13,0,4,8,0.931470393,0.066533599,0.864936793,0,0.399201597,0.665335995,0.798403194,97.07252162,1.729873586,N,12.52115059,24.61928934,38.66328257,15.82064298,N,Y,N,2017
57,607,57,57,213,30,369,163,20,43,190,18,8,1054,922,494,1751,0.2821245,58,607,1526,1491,7,1,12,2,3,10,1526,1477,7,20,1,12,1,0,8,0.458715596,0.065530799,0.786369594,0.131061599,0.196592398,0.655307995,1.31061599,97.70642202,1.769331586,N,15.46489564,20.20872865,35.00948767,18.02656546,N,Y,N,2017
58,608,58,58,264,20,388,143,21,31,200,13,9,1089,819,477,1565,0.304792332,59,608,1545,1518,3,1,10,0,3,10,1545,1512,3,10,1,9,0,0,10,0.194174757,0.064724919,0.647249191,0,0.194174757,0.647249191,0.647249191,98.25242718,0.841423948,N,13.13131313,24.24242424,35.62901745,18.36547291,N,Y,N,2017
59,609,59,59,198,20,400,99,16,23,152,17,6,931,1049,495,1505,0.328903654,60,609,1572,1543,17,2,1,0,4,5,1572,1530,15,18,2,1,0,1,5,1.081424936,0.127226463,0.063613232,0,0.254452926,0.318066158,1.145038168,98.15521628,2.226463104,N,10.63372718,21.26745435,42.96455424,16.32653061,N,Y,N,2017
60,701,60,60,218,22,428,157,14,36,234,25,8,1142,1006,537,1324,0.405589124,61,701,1363,1343,2,0,12,0,3,3,1363,1334,2,12,0,12,0,0,3,0.146735143,0,0.880410858,0,0.220102715,0.220102715,0.880410858,98.53264857,1.027146001,N,13.74781086,19.08931699,37.47810858,20.49036778,N,Y,N,2017
61,702,61,61,242,26,452,181,19,44,257,23,2,1246,982,557,1737,0.320667818,62,702,1769,1733,9,0,16,1,1,9,1769,1719,9,15,0,16,1,0,9,0.508762012,0,0.9044658,0.056529112,0.056529112,0.508762012,0.847936687,97.96495195,1.3566987,N,14.52648475,19.42215088,36.27608347,20.62600321,N,Y,N,2017
62,703,62,62,303,25,549,218,22,46,249,26,8,1446,1230,669,2002,0.334165834,63,703,2133,2048,15,2,32,0,18,18,2133,2019,15,48,2,31,0,2,16,0.70323488,0.093764651,1.500234412,0,0.843881857,0.843881857,2.250351617,96.01500234,2.953586498,N,15.07607192,20.95435685,37.96680498,17.21991701,N,Y,N,2017
63,704,63,63,194,23,324,141,22,44,154,25,3,930,774,426,1748,0.243707094,64,704,1829,1576,69,2,75,0,64,43,1829,1540,57,115,2,75,0,20,20,3.772553308,0.109349371,4.100601422,0,3.49917988,2.351011482,6.287588846,86.16730454,10.06014215,N,15.16129032,20.86021505,34.83870968,16.55913978,N,Y,N,2017
64,705,64,64,205,24,279,142,27,52,136,25,5,895,693,397,1594,0.249058971,65,705,1905,1407,177,5,157,2,107,50,1905,1338,138,229,3,154,2,17,24,9.291338583,0.262467192,8.241469816,0.104986877,5.6167979,2.624671916,12.02099738,73.85826772,21.31233596,N,15.86592179,22.90502793,31.17318436,15.19553073,N,Y,N,2017
65,706,65,65,178,20,216,123,41,40,142,30,6,796,672,367,1419,0.25863284,66,706,1586,1074,160,5,152,1,145,49,1586,992,130,289,1,150,1,6,17,10.08827238,0.315258512,9.583858764,0.063051702,9.142496847,3.089533417,18.22194199,67.71752837,28.31021438,N,15.45226131,22.36180905,27.13567839,17.83919598,N,Y,N,2017
66,707,66,66,136,12,182,102,48,43,82,34,11,650,626,319,1223,0.260834015,67,707,1496,572,404,14,224,3,200,79,1496,363,312,561,6,224,2,5,23,27.00534759,0.935828877,14.97326203,0.200534759,13.36898396,5.280748663,37.5,38.23529412,64.50534759,N,15.69230769,20.92307692,28,12.61538462,N,Y,N,2017
67,708,67,67,163,18,190,124,36,49,194,20,3,797,599,349,1177,0.296516568,68,708,1487,1173,97,3,137,0,59,18,1487,1132,94,99,3,137,0,6,16,6.523201076,0.201748487,9.213180901,0,3.967720242,1.210490921,6.657700067,78.88365837,13.18090114,N,15.55834379,20.45169385,23.83939774,24.3412798,N,Y,N,2017
68,709,68,68,181,22,164,150,25,47,220,28,1,838,462,325,1182,0.274957699,69,709,1551,993,159,11,221,1,128,38,1551,937,147,150,7,221,1,60,28,10.25145068,0.709219858,14.2488717,0.064474533,8.252740168,2.450032237,9.671179884,64.02321083,19.92263056,N,17.89976134,21.59904535,19.57040573,26.25298329,N,Y,N,2017
69,710,69,69,99,20,114,110,121,53,98,31,2,648,468,279,1361,0.204996326,70,710,1847,325,584,6,47,2,686,197,1847,206,540,377,3,46,1,504,170,31.61884136,0.32485111,2.544667028,0.108283703,37.14131023,10.66594478,20.41147807,17.59610179,52.03031944,Y,16.97530864,15.27777778,17.59259259,15.12345679,N,N,N,2017
70,801,70,70,199,23,128,141,43,57,108,27,1,727,621,337,1268,0.265772871,71,801,1484,598,376,3,176,4,265,62,1484,436,334,489,3,176,4,13,29,25.33692722,0.202156334,11.85983827,0.269541779,17.85714286,4.177897574,32.95148248,40.29649596,58.2884097,N,19.39477304,27.37276479,17.60660248,14.85557084,N,Y,N,2017
71,802,71,71,379,29,264,296,52,111,213,49,20,1413,815,557,2781,0.200287666,72,802,4588,2484,1212,19,598,1,189,85,4588,1889,1174,819,14,597,1,33,61,26.41673932,0.414123801,13.03400174,0.02179599,4.119442023,1.852659111,17.85091543,54.14123801,44.26765475,N,20.94833687,26.82236377,18.6836518,15.07430998,N,Y,N,2017
72,803,72,72,112,15,84,137,31,79,56,24,8,546,490,259,1540,0.168181818,73,803,1269,266,715,10,52,0,169,57,1269,180,658,325,6,51,0,21,28,56.34357762,0.788022065,4.097714736,0,13.31757289,4.491725768,25.6107171,20.96138692,81.95429472,Y,25.09157509,20.51282051,15.38461538,10.25641026,N,N,N,2017
73,804,73,73,64,15,43,107,38,50,37,16,0,370,410,195,695,0.28057554,74,804,664,75,392,5,11,0,142,39,664,21,352,239,5,11,0,19,17,59.03614458,0.753012048,1.656626506,0,21.38554217,5.873493976,35.9939759,11.29518072,95.03012048,Y,28.91891892,17.2972973,11.62162162,10,N,N,N,2017
74,805,74,74,122,22,75,152,149,66,79,26,6,697,783,370,1298,0.285053929,75,805,1638,124,659,8,40,4,613,190,1638,59,610,290,4,38,3,477,157,40.23199023,0.488400488,2.442002442,0.244200244,37.42368742,11.5995116,17.7045177,7.57020757,57.93650794,Y,21.80774749,17.5035868,10.76040172,11.33428981,N,N,N,2017
75,806,75,75,45,10,36,50,51,28,33,11,2,266,214,120,476,0.25210084,76,806,681,144,214,0,10,0,256,57,681,105,186,115,0,10,0,215,50,31.42437592,0,1.468428781,0,37.5917768,8.370044053,16.88693098,21.14537445,48.3113069,Y,18.79699248,16.91729323,13.53383459,12.40601504,N,N,N,2017
76,807,76,76,94,17,69,117,51,50,54,24,2,478,434,228,977,0.233367451,77,807,1084,183,635,11,10,0,156,89,1084,71,580,326,5,10,0,38,54,58.57933579,1.014760148,0.922509225,0,14.39114391,8.210332103,30.07380074,16.88191882,88.65313653,Y,24.47698745,19.66527197,14.43514644,11.29707113,N,N,N,2017
77,901,77,77,370,21,263,267,37,88,172,52,4,1274,1250,631,1894,0.333157339,78,901,2092,1030,302,11,436,1,248,64,2092,748,247,633,3,435,0,4,22,14.43594646,0.52581262,20.84130019,0.047801147,11.85468451,3.059273423,30.2581262,49.23518164,44.69407266,N,20.95761381,29.04238619,20.64364207,13.50078493,N,Y,N,2017
78,902,78,78,400,43,244,304,45,120,221,37,9,1423,773,549,2220,0.247297297,79,902,2267,1548,353,4,209,0,93,60,2267,1426,334,249,2,209,0,4,43,15.57123952,0.17644464,9.219232466,0,4.102337891,2.646669607,10.98367887,68.28407587,26.55491839,N,21.36331694,28.10962755,17.1468728,15.53056922,N,Y,N,2017
79,903,79,79,337,47,218,378,63,147,202,54,8,1454,1266,680,3040,0.223684211,80,903,3652,1396,1415,13,204,3,428,193,3652,1069,1228,1041,8,203,1,18,84,38.74589266,0.355969332,5.585980285,0.082146769,11.7196057,5.284775465,28.50492881,38.22562979,67.25082147,Y,25.99724897,23.17744154,14.99312242,13.89270977,N,N,N,2017
80,904,80,80,193,32,159,210,53,82,92,57,2,880,816,424,2123,0.199717381,81,904,4580,2516,1102,31,402,0,354,175,4580,2235,981,834,16,401,0,23,90,24.06113537,0.676855895,8.777292576,0,7.729257642,3.820960699,18.20960699,54.93449782,42.27074236,N,23.86363636,21.93181818,18.06818182,10.45454545,N,Y,N,2017
81,905,81,81,312,50,174,422,79,179,163,55,4,1438,1234,668,2035,0.328255528,82,905,2282,357,1491,29,51,0,211,143,2282,226,1380,507,14,50,0,22,83,65.33742331,1.270815074,2.234881683,0,9.246275197,6.266432954,22.2173532,15.64417178,87.55477651,Y,29.34631433,21.69680111,12.10013908,11.33518776,N,N,N,2017
82,1001,82,82,132,12,124,136,33,51,82,30,2,602,434,259,964,0.268672199,83,1001,888,264,261,11,138,0,172,42,888,159,232,333,9,138,0,0,17,29.39189189,1.238738739,15.54054054,0,19.36936937,4.72972973,37.5,29.72972973,66.89189189,N,22.59136213,21.9269103,20.59800664,13.62126246,Y,N,N,2017
83,1002,83,83,111,17,72,98,15,27,63,16,3,422,318,185,944,0.195974576,84,1002,2579,1462,331,9,581,1,126,69,2579,1354,290,298,4,581,1,9,42,12.83443195,0.34897247,22.52811167,0.038774719,4.885614579,2.675455603,11.55486623,56.68863901,24.38929818,N,23.22274882,26.30331754,17.06161137,14.92890995,N,Y,N,2017
84,1003,84,84,102,7,90,87,16,28,74,16,0,420,244,166,968,0.171487603,85,1003,2020,1403,193,12,256,3,83,70,2020,1306,166,228,6,256,3,5,50,9.554455446,0.594059406,12.67326733,0.148514851,4.108910891,3.465346535,11.28712871,69.45544554,20.84158416,N,20.71428571,24.28571429,21.42857143,17.61904762,N,Y,N,2017
85,1004,85,85,199,29,164,142,57,54,100,58,4,807,781,397,1738,0.228423475,86,1004,2606,1298,421,19,561,3,209,95,2606,1128,367,477,13,556,3,5,57,16.15502686,0.729086723,21.52724482,0.115118956,8.019953952,3.645433615,18.30391404,49.80813507,34.45894091,N,17.5960347,24.65923172,20.32218092,12.39157373,N,Y,N,2017
86,1005,86,86,160,20,110,163,33,54,122,17,1,680,284,241,1175,0.205106383,87,1005,2078,1539,228,7,135,0,97,72,2078,1448,208,225,3,135,0,8,51,10.97208855,0.336862368,6.496631376,0,4.667949952,3.464870067,10.82771896,74.06159769,21.79980751,N,23.97058824,23.52941176,16.17647059,17.94117647,N,Y,N,2017
87,1006,87,87,172,22,84,142,53,48,99,28,2,650,526,294,1321,0.222558668,88,1006,1706,606,564,12,133,0,285,106,1706,386,472,665,1,130,0,6,46,33.05978898,0.703399766,7.796014068,0,16.70574443,6.213364596,38.98007034,35.52168816,72.03985932,N,21.84615385,26.46153846,12.92307692,15.23076923,Y,N,N,2017
88,1007,88,88,172,31,149,183,70,59,98,38,3,803,821,406,1842,0.220412595,89,1007,1809,582,580,26,43,0,435,143,1809,234,457,1030,5,42,0,14,27,32.06191266,1.437258154,2.37700387,0,24.04643449,7.904919845,56.93753455,32.17247098,88.99944721,N,22.78953923,21.41967621,18.55541719,12.20423412,Y,N,N,2017
89,1008,89,89,293,31,207,253,57,85,190,48,2,1166,790,489,1814,0.269570011,90,1008,2779,1583,582,4,394,2,122,92,2779,1407,538,385,4,390,1,7,47,20.94278517,0.143936668,14.17776178,0.071968334,4.39006837,3.310543361,13.85390428,56.96293631,34.79668946,N,21.69811321,25.12864494,17.75300172,16.29502573,N,Y,N,2017
90,1009,90,90,429,29,209,370,80,92,312,22,1,1544,636,545,2038,0.267419038,91,1009,2265,1646,182,13,145,0,206,73,2265,1417,141,520,1,145,0,11,30,8.035320088,0.573951435,6.401766004,0,9.094922737,3.222958057,22.9580574,72.67108168,30.99337748,N,23.96373057,27.78497409,13.53626943,20.20725389,N,Y,N,2017
91,1101,91,91,177,46,61,199,33,82,95,16,2,711,377,272,905,0.300552486,92,1101,912,357,429,3,31,0,58,34,912,307,392,150,3,31,0,6,23,47.03947368,0.328947368,3.399122807,0,6.359649123,3.728070175,16.44736842,39.14473684,63.48684211,Y,27.98874824,24.89451477,8.579465541,13.36146273,N,N,N,2017
92,1102,92,92,202,37,120,323,56,104,118,36,5,1001,951,488,1542,0.316472114,93,1102,1651,230,1090,25,21,2,196,87,1651,113,1016,442,8,21,2,11,38,66.02059358,1.514233798,1.27195639,0.121138704,11.87159297,5.269533616,26.77165354,13.93095094,92.79224712,Y,32.26773227,20.17982018,11.98801199,11.78821179,N,N,N,2017
93,1103,93,93,130,16,84,221,51,80,77,31,1,691,593,321,1229,0.261187958,94,1103,1385,196,891,9,13,1,195,80,1385,90,786,445,6,13,1,12,32,64.33212996,0.649819495,0.938628159,0.072202166,14.07942238,5.776173285,32.1299639,14.15162455,96.46209386,Y,31.98263386,18.81331404,12.15629522,11.14327062,N,N,N,2017
94,1104,94,94,349,31,169,337,85,107,225,47,7,1357,879,559,2003,0.279081378,95,1104,2245,736,813,37,44,0,457,158,2245,406,709,1027,12,41,0,10,40,36.21380846,1.648106904,1.959910913,0,20.35634744,7.037861915,45.74610245,32.78396437,81.95991091,N,24.83419307,25.71849668,12.45394252,16.5806927,Y,N,N,2017
95,1105,95,95,266,21,147,258,87,81,181,43,4,1088,748,459,1566,0.293103448,96,1105,1825,711,596,15,26,0,377,100,1825,440,505,803,7,26,0,11,33,32.65753425,0.821917808,1.424657534,0,20.65753425,5.479452055,44,38.95890411,76.65753425,N,23.71323529,24.44852941,13.51102941,16.63602941,Y,N,N,2017
96,1106,96,96,342,29,144,301,63,90,223,27,4,1223,561,446,1201,0.371357202,97,1106,1257,777,176,3,62,0,163,76,1257,646,127,399,1,61,0,7,16,14.00159109,0.238663484,4.932378679,0,12.96738266,6.046141607,31.74224344,61.81384248,45.74383453,N,24.61161079,27.96402289,11.77432543,18.23385119,N,Y,N,2017
97,1107,97,97,395,41,174,377,74,120,266,28,6,1481,635,529,1631,0.324340895,98,1107,1955,1096,464,12,51,0,255,77,1955,938,424,487,3,51,0,10,42,23.73401535,0.613810742,2.608695652,0,13.04347826,3.938618926,24.91048593,56.06138107,48.64450128,N,25.45577313,26.67116813,11.74881837,17.96083727,N,Y,N,2017
98,1108,98,98,451,39,211,420,73,125,321,49,5,1694,634,582,1734,0.335640138,99,1108,1733,1185,223,10,153,1,106,55,1733,1081,196,253,3,153,1,13,33,12.8678592,0.577034045,8.828620889,0.057703405,6.116560877,3.173687248,14.59896134,68.37853433,27.46682054,N,24.79338843,26.62337662,12.45572609,18.94923259,N,Y,N,2017
99,1109,99,99,325,20,140,292,46,77,258,26,4,1188,448,409,987,0.414387031,100,1109,997,844,63,1,41,0,23,25,997,790,48,99,0,40,0,3,17,6.318956871,0.100300903,4.112337011,0,2.306920762,2.507522568,9.929789368,84.65396189,16.24874624,N,24.57912458,27.35690236,11.78451178,21.71717172,N,Y,N,2017
100,1110,100,100,355,22,163,327,60,87,279,29,4,1326,454,445,1368,0.325292398,101,1110,1462,1096,145,2,69,0,110,40,1462,998,122,238,1,68,0,13,22,9.917920657,0.136798906,4.719562244,0,7.523939808,2.735978112,16.27906977,74.96580027,26.19699042,N,24.66063348,26.77224736,12.29260935,21.04072398,N,Y,N,2017
101,1201,101,101,208,23,129,355,59,139,118,45,6,1082,1090,543,1745,0.311174785,102,1201,1812,137,1380,11,33,0,166,85,1812,74,1328,307,10,32,0,12,49,76.1589404,0.607064018,1.821192053,0,9.161147903,4.690949227,16.94260486,7.560706402,93.10154525,Y,32.80961183,19.22365989,11.92236599,10.90573013,N,N,N,2017
102,1202,102,102,201,35,146,369,54,130,108,42,4,1089,1131,555,2165,0.256351039,103,1202,2361,171,1767,17,17,1,288,100,2361,39,1664,529,9,17,1,45,57,74.841169,0.720033884,0.720033884,0.042354934,12.19822109,4.235493435,22.40576027,7.242693774,97.24692927,Y,33.88429752,18.45730028,13.40679522,9.917355372,N,N,N,2017
103,1203,103,103,116,19,63,211,28,86,62,24,3,612,648,315,934,0.337259101,104,1203,794,55,604,4,24,1,75,31,794,20,564,151,1,24,1,11,22,76.07052897,0.503778338,3.022670025,0.125944584,9.445843829,3.904282116,19.01763224,6.926952141,95.08816121,Y,34.47712418,18.95424837,10.29411765,10.13071895,N,N,N,2017
104,1204,104,104,133,16,64,201,38,91,70,27,2,642,578,305,1153,0.26452732,105,1204,1235,100,884,6,3,2,178,62,1235,47,826,274,5,3,2,30,48,71.57894737,0.48582996,0.24291498,0.16194332,14.41295547,5.020242915,22.18623482,8.097165992,93.76518219,Y,31.30841121,20.7165109,9.968847352,10.90342679,N,N,N,2017
105,1205,105,105,83,11,72,147,32,60,44,24,1,474,526,250,687,0.363901019,106,1205,860,48,684,10,2,0,86,30,860,15,655,151,6,1,0,12,20,79.53488372,1.162790698,0.23255814,0,10,3.488372093,17.55813953,5.581395349,97.09302326,Y,31.01265823,17.51054852,15.18987342,9.282700422,N,N,N,2017
106,1206,106,106,120,9,95,187,37,82,73,31,2,636,584,305,910,0.335164835,107,1206,858,41,693,6,9,0,65,44,858,21,659,134,5,9,0,10,20,80.76923077,0.699300699,1.048951049,0,7.575757576,5.128205128,15.61771562,4.778554779,96.38694639,Y,29.40251572,18.86792453,14.93710692,11.47798742,N,N,N,2017
107,1207,107,107,234,35,164,368,86,153,122,76,5,1243,1305,637,2503,0.254494606,108,1207,3079,386,2016,22,19,0,507,129,3079,186,1876,914,15,18,0,12,58,65.47580383,0.714517701,0.617083469,0,16.46638519,4.189671971,29.68496265,12.53653784,95.16076648,Y,29.60579244,18.82542237,13.19388576,9.814963797,N,N,N,2017
108,1208,108,108,81,4,34,127,22,49,39,18,2,376,396,193,805,0.239751553,109,1208,950,82,668,8,3,0,146,43,950,33,630,244,8,3,0,10,22,70.31578947,0.842105263,0.315789474,0,15.36842105,4.526315789,25.68421053,8.631578947,96,Y,33.77659574,21.54255319,9.042553191,10.37234043,N,N,N,2017
109,1209,109,109,117,11,78,209,39,78,83,23,4,642,574,304,1003,0.303090728,110,1209,1116,95,802,7,15,1,134,62,1116,23,764,268,4,15,1,9,32,71.86379928,0.627240143,1.344086022,0.089605735,12.00716846,5.555555556,24.01433692,8.512544803,95.8781362,Y,32.55451713,18.22429907,12.14953271,12.92834891,N,N,N,2017
110,1301,110,110,137,23,104,195,84,127,82,35,9,796,792,397,1513,0.262392597,111,1301,1573,134,955,11,12,0,345,116,1573,41,851,458,8,11,0,130,74,60.71201526,0.699300699,0.76287349,0,21.93261284,7.374443738,29.11633821,8.518753973,89.82835346,Y,24.49748744,17.21105528,13.06532663,10.30150754,N,N,N,2017
111,1302,111,111,57,4,41,82,20,41,32,16,0,293,227,130,607,0.21416804,112,1302,673,82,389,19,10,1,114,58,673,14,351,232,2,8,0,28,38,57.80089153,2.823179792,1.485884101,0.14858841,16.93907875,8.618127786,34.47251114,12.18424963,92.27340267,Y,27.98634812,19.45392491,13.99317406,10.92150171,N,N,N,2017
112,1303,112,112,106,17,108,100,35,40,76,18,2,502,482,246,1282,0.191887676,113,1303,3145,1502,573,16,681,5,279,89,3145,1293,515,547,7,681,5,41,56,18.21939587,0.508744038,21.65341812,0.158982512,8.871224165,2.829888712,17.3926868,47.75834658,35.61208267,N,19.92031873,21.11553785,21.51394422,15.13944223,N,Y,N,2017
113,1304,113,113,91,10,73,127,72,66,68,32,1,540,420,240,1078,0.222634508,114,1304,1261,188,717,8,10,0,238,100,1261,82,668,370,5,10,0,62,64,56.85963521,0.634417129,0.793021412,0,18.8739096,7.930214116,29.34179223,14.90880254,86.20142744,Y,23.51851852,16.85185185,13.51851852,12.59259259,N,N,N,2017
114,1305,114,114,106,8,86,126,66,47,96,26,3,564,500,266,1020,0.260784314,115,1305,1352,334,529,5,11,2,346,125,1352,263,483,284,1,11,2,206,102,39.12721893,0.369822485,0.813609467,0.147928994,25.59171598,9.24556213,21.00591716,24.70414201,60.13313609,Y,22.34042553,18.79432624,15.24822695,17.0212766,N,N,N,2017
115,1306,115,115,201,27,168,198,80,62,196,26,6,964,668,408,1356,0.300884956,116,1306,1615,587,458,7,125,3,334,101,1615,517,420,272,4,125,3,196,78,28.35913313,0.433436533,7.73993808,0.185758514,20.68111455,6.253869969,16.84210526,36.34674923,45.20123839,N,20.53941909,20.85062241,17.42738589,20.33195021,N,Y,N,2017
116,1307,116,116,265,23,240,218,46,69,290,35,8,1194,706,475,1461,0.325119781,117,1307,1775,1010,199,1,431,0,79,55,1775,956,189,131,1,431,0,19,48,11.21126761,0.056338028,24.28169014,0,4.450704225,3.098591549,7.38028169,56.90140845,18.5915493,N,18.25795645,22.19430486,20.10050251,24.2881072,N,Y,N,2017
117,1308,117,117,210,20,184,175,42,48,239,24,5,947,581,382,1309,0.291825821,118,1308,1511,770,187,3,368,4,113,66,1511,719,172,146,3,366,0,49,56,12.37590999,0.198544011,24.35473197,0.264725347,7.478491066,4.367968233,9.662475182,50.95962938,22.03838518,N,18.47940866,22.17529039,19.42977825,25.2375924,N,Y,N,2017
118,1309,118,118,236,27,179,200,48,67,227,31,3,1018,594,403,1323,0.304610733,119,1309,1683,742,249,7,429,5,185,66,1683,692,228,170,6,428,0,103,56,14.79500891,0.415923945,25.49019608,0.297088532,10.9922757,3.921568627,10.1010101,44.08793821,24.89601901,N,19.64636542,23.1827112,17.58349705,22.29862475,N,Y,N,2017
119,1310,119,119,443,52,399,393,58,87,513,46,8,1999,1077,769,1643,0.468046257,120,1310,1946,1510,122,0,218,2,46,48,1946,1466,116,95,0,218,2,10,39,6.269270298,0,11.2024666,0.102774923,2.363823227,2.46659815,4.881808839,77.5950668,11.15107914,N,19.65982991,22.16108054,19.95997999,25.66283142,N,Y,N,2017
120,1401,120,120,172,16,128,243,105,86,121,61,5,937,859,449,2544,0.176493711,121,1401,2866,279,1824,19,37,5,557,145,2866,48,1688,920,9,35,1,93,72,63.64270761,0.662944871,1.290997906,0.174459177,19.43475227,5.05931612,32.10048849,9.734822052,95.74319609,Y,25.93383138,18.35645678,13.660619,12.9135539,N,N,N,2017
121,1402,121,121,198,18,182,390,87,139,105,64,17,1200,1168,592,2539,0.233162662,122,1402,2695,142,2164,17,10,0,235,127,2695,42,2041,450,11,10,0,62,79,80.29684601,0.630797774,0.371057514,0,8.719851577,4.712430427,16.69758813,5.269016698,96.99443414,Y,32.5,16.5,15.16666667,8.75,N,N,N,2017
122,1403,122,122,118,11,91,162,62,66,86,47,3,646,474,280,1270,0.220472441,123,1403,1549,75,1077,23,18,1,277,78,1549,20,987,459,17,18,1,11,36,69.52872821,1.484828922,1.162040026,0.064557779,17.88250484,5.035506779,29.63202066,4.841833441,99.16074887,Y,25.07739938,18.26625387,14.08668731,13.3126935,N,N,N,2017
123,1404,123,123,102,7,89,178,75,52,85,45,2,635,561,299,1523,0.196323047,124,1404,1654,124,1230,10,15,0,203,72,1654,49,1146,353,8,15,0,39,44,74.36517533,0.604594921,0.906892382,0,12.2732769,4.353083434,21.34220073,7.496977025,95.70737606,Y,28.03149606,16.06299213,14.01574803,13.38582677,N,N,N,2017
124,1405,124,124,113,12,102,171,17,48,54,24,5,546,418,241,1074,0.224394786,125,1405,1439,36,1278,5,11,1,70,38,1439,9,1231,155,2,11,1,2,28,88.81167477,0.347463516,0.764419736,0.069492703,4.864489229,2.640722724,10.77136901,2.501737318,99.58304378,Y,31.31868132,20.6959707,18.68131868,9.89010989,N,N,N,2017
125,1406,125,125,119,19,94,176,35,65,65,40,4,617,471,272,1069,0.254443405,126,1406,1174,75,947,4,6,1,89,52,1174,41,878,211,2,6,0,11,25,80.66439523,0.340715503,0.511073254,0.085178876,7.580919932,4.429301533,17.97274276,6.388415673,98.63713799,Y,28.52512156,19.28687196,15.2350081,10.53484603,N,N,N,2017
126,1407,126,126,90,11,75,151,30,59,53,28,2,499,441,235,1166,0.201543739,127,1407,1388,94,1085,7,10,0,126,66,1388,20,1016,286,7,7,0,11,41,78.17002882,0.504322767,0.720461095,0,9.077809798,4.755043228,20.60518732,6.772334294,98.77521614,Y,30.26052104,18.03607214,15.03006012,10.62124248,N,N,N,2017
127,1408,127,127,127,9,104,222,35,67,74,40,6,684,640,331,1142,0.289842382,128,1408,1494,147,1206,2,12,1,84,42,1494,93,1162,190,2,11,0,5,31,80.72289157,0.133868809,0.803212851,0.066934404,5.62248996,2.81124498,12.71753681,9.83935743,93.44042838,Y,32.45614035,18.56725146,15.20467836,10.81871345,N,N,N,2017
128,1409,128,128,61,5,59,136,18,34,43,41,1,398,510,227,1283,0.176929072,129,1409,1384,102,931,12,17,0,242,80,1384,13,844,459,5,17,0,19,27,67.26878613,0.867052023,1.228323699,0,17.48554913,5.780346821,33.16473988,7.369942197,100.433526,Y,34.17085427,15.32663317,14.8241206,10.8040201,N,N,N,2017
129,1410,129,129,116,7,104,195,35,74,70,45,2,648,624,318,1319,0.241091736,130,1410,1937,205,1254,12,17,3,350,96,1937,26,1131,661,9,16,3,36,55,64.73928756,0.619514713,0.877645844,0.154878678,18.06917914,4.956117708,34.12493547,10.58337636,98.86422303,Y,30.09259259,17.90123457,16.04938272,10.80246914,N,N,N,2017
130,1411,130,130,128,13,111,193,53,81,93,58,0,730,322,263,1158,0.227115717,131,1411,1307,42,1065,3,10,0,121,66,1307,20,992,224,2,10,0,20,39,81.48431523,0.229533282,0.765110941,0,9.257842387,5.049732211,17.13848508,3.213465953,98.62280031,Y,26.43835616,17.53424658,15.20547945,12.73972603,N,N,N,2017
131,1412,131,131,100,6,83,134,23,58,65,35,0,504,268,193,724,0.266574586,132,1412,809,28,680,1,9,0,74,17,809,3,646,121,1,9,0,25,4,84.05438813,0.123609394,1.112484549,0,9.147095179,2.101359703,14.95673671,3.461063041,99.01112485,Y,26.58730159,19.84126984,16.46825397,12.8968254,N,N,N,2017
132,1413,132,132,110,14,106,168,31,65,76,32,0,602,550,288,1098,0.262295082,133,1413,1206,38,1024,6,11,0,73,54,1206,18,973,149,1,11,0,17,37,84.90878939,0.497512438,0.912106136,0,6.053067993,4.47761194,12.35489221,3.150912106,97.26368159,Y,27.90697674,18.27242525,17.60797342,12.62458472,N,N,N,2017
133,1414,133,133,133,11,101,187,34,64,68,39,1,638,614,313,1226,0.255301794,134,1414,1350,10,1203,3,5,0,86,43,1350,5,1127,179,2,5,0,3,29,89.11111111,0.222222222,0.37037037,0,6.37037037,3.185185185,13.25925926,0.740740741,102.3703704,Y,29.31034483,20.84639498,15.830721,10.65830721,N,N,N,2017
134,1501,134,134,104,7,73,145,93,67,76,37,4,606,518,281,1585,0.177287066,135,1501,1938,266,969,9,44,0,507,143,1938,130,874,554,7,44,0,223,106,50,0.464396285,2.270381837,0,26.16099071,7.37874097,28.58617131,13.7254902,78.58617131,Y,23.92739274,17.16171617,12.04620462,12.54125413,N,N,N,2017
135,1502,135,135,60,8,69,107,30,43,52,17,3,389,391,195,1083,0.180055402,136,1502,1270,74,787,5,8,0,297,99,1270,34,749,206,3,8,0,176,94,61.96850394,0.393700787,0.62992126,0,23.38582677,7.795275591,16.22047244,5.826771654,78.18897638,Y,27.50642674,15.42416452,17.7377892,13.36760925,N,N,N,2017
136,1503,136,136,53,3,46,65,30,24,46,9,4,280,204,121,726,0.166666667,137,1503,875,75,418,3,31,0,260,88,875,56,383,164,3,28,0,163,78,47.77142857,0.342857143,3.542857143,0,29.71428571,10.05714286,18.74285714,8.571428571,66.51428571,Y,23.21428571,18.92857143,16.42857143,16.42857143,N,N,N,2017
137,1504,137,137,147,13,119,181,91,80,111,37,3,782,818,400,1980,0.202020202,138,1504,2477,366,912,2,389,1,562,245,2477,262,855,397,2,389,0,366,206,36.81873234,0.080742834,15.70448123,0.040371417,22.68873637,9.890997174,16.02745256,14.77593864,52.8461849,Y,23.14578005,18.79795396,15.2173913,14.1943734,N,N,N,2017
138,1505,138,138,102,10,104,166,87,41,79,21,4,614,550,291,1329,0.218961625,139,1505,1661,214,964,13,92,0,261,117,1661,72,878,422,7,92,0,115,75,58.03732691,0.782661048,5.538832029,0,15.71342565,7.043949428,25.4063817,12.88380494,83.44370861,Y,27.03583062,16.61237785,16.93811075,12.86644951,N,N,N,2017
139,1506,139,139,95,12,122,91,18,41,101,24,1,505,495,250,780,0.320512821,140,1506,1038,329,154,1,459,0,57,38,1038,313,144,75,1,459,0,11,35,14.83622351,0.096339114,44.21965318,0,5.49132948,3.66088632,7.225433526,31.6955684,22.06165703,N,18.01980198,18.81188119,24.15841584,20,N,N,Y,2017
140,1507,140,140,115,15,89,135,80,60,90,27,1,612,436,262,1082,0.242144177,141,1507,1305,165,660,3,22,0,329,126,1305,126,608,222,1,21,0,228,99,50.57471264,0.229885057,1.685823755,0,25.21072797,9.655172414,17.01149425,12.64367816,67.5862069,Y,22.05882353,18.79084967,14.54248366,14.70588235,N,N,N,2017
141,1508,141,141,136,17,122,122,59,65,73,45,1,640,356,249,978,0.254601227,142,1508,1319,208,562,6,302,2,169,70,1319,133,531,236,6,300,2,56,55,42.60803639,0.454890068,22.89613343,0.151630023,12.81273692,5.307050796,17.89234268,15.76952237,60.50037908,Y,19.0625,21.25,19.0625,11.40625,N,N,N,2017
142,1509,142,142,148,27,113,132,57,71,92,39,6,685,379,266,1032,0.257751938,143,1509,1362,266,472,5,353,1,200,65,1362,239,457,181,3,351,0,90,41,34.65491924,0.367107195,25.91776799,0.073421439,14.68428781,4.772393539,13.28928047,19.53010279,47.94419971,Y,19.27007299,21.60583942,16.49635036,13.43065693,N,N,N,2017
143,1601,143,143,160,14,144,150,30,39,114,28,2,681,479,290,1142,0.253940455,144,1601,1581,388,444,5,566,0,125,53,1581,327,419,192,4,561,0,35,43,28.08349146,0.316255534,35.8001265,0,7.906388362,3.352308665,12.14421252,24.54142948,40.22770398,N,22.02643172,23.4948605,21.14537445,16.74008811,N,N,Y,2017
144,1602,144,144,142,23,175,137,28,38,151,14,9,717,495,303,872,0.347477064,145,1602,961,580,123,2,187,0,49,20,961,546,115,76,1,187,0,24,12,12.79916753,0.208116545,19.45889698,0,5.098855359,2.081165453,7.90842872,60.35379813,20.70759625,N,19.10739191,19.80474198,24.40725244,21.05997211,N,Y,N,2017
145,1603,145,145,183,22,181,231,53,69,166,32,2,939,613,388,1462,0.265389877,146,1603,1745,341,736,5,475,0,109,79,1745,313,709,122,2,475,0,58,66,42.17765043,0.286532951,27.22063037,0,6.246418338,4.52722063,6.991404011,19.54154728,49.16905444,Y,24.60063898,19.48881789,19.27582535,17.67838126,N,N,N,2017
146,1604,146,146,185,19,167,202,43,61,155,33,2,867,581,362,1293,0.279969064,147,1604,2177,685,688,9,481,0,211,103,2177,624,657,210,5,477,0,120,84,31.60312356,0.413412954,22.09462563,0,9.692237023,4.73128158,9.646302251,31.46531925,41.24942582,Y,23.29873126,21.33794694,19.26182238,17.87773933,N,N,N,2017
147,1605,147,147,212,14,241,227,32,52,213,15,4,1010,658,417,1408,0.296164773,148,1605,1213,723,186,4,178,0,85,37,1213,688,167,126,2,178,0,24,28,15.33388293,0.329760923,14.67436109,0,7.007419621,3.050288541,10.38746908,59.60428689,25.72135202,N,22.47524752,20.99009901,23.86138614,21.08910891,N,Y,N,2017
148,1606,148,148,295,25,229,321,57,86,245,45,5,1308,796,526,1827,0.287903667,149,1606,2277,580,881,4,577,1,146,88,2277,502,816,260,3,577,1,57,61,38.69126043,0.175669741,25.34036012,0.043917435,6.411945542,3.8647343,11.41853316,25.47211243,50.10979359,Y,24.5412844,22.55351682,17.50764526,18.73088685,N,N,N,2017
149,1607,149,149,268,44,381,252,37,57,319,26,10,1394,830,556,1239,0.448748991,150,1607,1361,1032,184,3,93,2,36,11,1361,1006,170,61,2,91,2,19,10,13.51947098,0.220426157,6.833210874,0.146950771,2.645113887,0.808229243,4.48199853,75.82659809,18.00146951,N,18.07747489,19.22525108,27.33142037,22.88378766,N,Y,N,2017
150,1608,150,150,338,27,356,352,45,76,370,34,5,1603,781,596,1409,0.422995032,151,1608,1548,922,358,7,162,0,42,57,1548,901,331,93,7,161,0,10,45,23.12661499,0.452196382,10.46511628,0,2.713178295,3.682170543,6.007751938,59.56072351,29.13436693,N,21.9588272,21.08546475,22.20835933,23.08172177,N,Y,N,2017
151,1609,151,151,267,22,489,279,23,45,396,26,2,1549,1131,670,1498,0.447263017,152,1609,1655,1514,55,3,51,0,15,17,1655,1490,54,45,0,51,0,2,13,3.32326284,0.181268882,3.081570997,0,0.906344411,1.027190332,2.719033233,91.48036254,6.042296073,N,18.0116204,17.23692705,31.56875403,25.56488057,N,Y,N,2017
152,1610,152,152,222,18,313,208,15,40,267,21,3,1107,661,442,1341,0.329604773,153,1610,1559,1191,184,1,116,2,32,33,1559,1158,174,70,1,116,1,10,29,11.80243746,0.064143682,7.440667094,0.128287364,2.052597819,2.116741501,4.490057729,76.39512508,16.29249519,N,18.78952123,20.05420054,28.27461608,24.11924119,N,Y,N,2017
153,1611,153,153,333,27,406,320,33,62,350,33,11,1575,837,603,1466,0.411323329,154,1611,1575,1084,283,5,140,0,33,30,1575,1049,272,78,5,135,0,14,22,17.96825397,0.317460317,8.888888889,0,2.095238095,1.904761905,4.952380952,68.82539683,22.92063492,N,20.31746032,21.14285714,25.77777778,22.22222222,N,Y,N,2017
154,1612,154,154,326,18,566,260,18,46,424,23,2,1683,1109,698,1192,0.58557047,155,1612,1289,1208,46,4,16,0,9,6,1289,1197,45,15,4,16,0,6,6,3.568657874,0.310318076,1.241272304,0,0.698215671,0.465477114,1.163692785,93.71605896,4.732350659,N,15.44860368,19.37017231,33.63042187,25.19310755,N,Y,N,2017
155,1701,155,155,99,14,69,186,24,61,80,20,4,557,507,266,1209,0.220016543,156,1701,1313,132,961,16,4,0,132,68,1313,44,927,243,4,4,0,32,59,73.19116527,1.218583397,0.304645849,0,10.05331302,5.178979436,18.50723534,10.05331302,91.69840061,Y,33.39317774,17.77378815,12.38779174,14.36265709,N,N,N,2017
156,1702,156,156,94,8,70,131,49,46,69,13,1,481,355,209,826,0.253026634,157,1702,983,85,617,6,93,2,124,56,983,55,563,176,1,91,0,51,46,62.76703967,0.610376399,9.460834181,0.2034588,12.61444557,5.696846389,17.90437436,8.646998983,80.67141404,Y,27.23492723,19.54261954,14.55301455,14.34511435,N,N,N,2017
157,1703,157,157,251,23,198,379,73,110,200,46,7,1287,865,538,1821,0.295442065,158,1703,1996,338,1383,2,40,3,151,79,1996,267,1330,273,1,40,0,35,50,69.28857715,0.100200401,2.004008016,0.150300601,7.565130261,3.957915832,13.67735471,16.93386774,82.96593186,Y,29.44832945,19.5027195,15.38461538,15.54001554,N,N,N,2017
158,1704,158,158,316,26,251,439,52,112,249,38,2,1485,1063,637,1827,0.348659004,159,1704,2105,514,1236,10,160,0,102,83,2105,492,1190,145,10,158,0,45,65,58.71733967,0.475059382,7.600950119,0,4.845605701,3.942992874,6.888361045,24.41805226,65.60570071,Y,29.56228956,21.27946128,16.9023569,16.76767677,N,N,N,2017
159,1705,159,159,61,6,57,115,16,47,50,20,4,376,408,196,877,0.223489168,160,1705,981,48,777,9,17,1,86,43,981,20,718,189,3,17,1,6,27,79.20489297,0.917431193,1.732925586,0.101936799,8.76656473,4.383282365,19.26605505,4.892966361,98.47094801,Y,30.58510638,16.22340426,15.15957447,13.29787234,N,N,N,2017
160,1706,160,160,196,16,138,266,45,70,171,34,5,941,595,384,1336,0.28742515,161,1706,1526,386,790,10,130,1,137,72,1526,329,745,220,8,130,0,36,58,51.76933159,0.655307995,8.519003932,0.065530799,8.977719528,4.718217562,14.41677588,25.2948886,66.18610747,Y,28.26780021,20.82890542,14.66524973,18.17215728,N,N,N,2017
161,1707,161,161,66,5,60,128,23,50,47,34,6,419,329,187,728,0.256868132,162,1707,803,44,684,4,10,0,28,33,803,40,660,59,3,10,0,12,19,85.18057285,0.498132005,1.245330012,0,3.486924035,4.109589041,7.347447073,5.479452055,92.52801993,Y,30.54892601,15.75178998,14.31980907,11.21718377,N,N,N,2017
162,1708,162,162,148,5,137,243,45,87,115,38,0,818,494,328,1210,0.27107438,163,1708,1261,100,1002,9,10,0,91,49,1261,59,958,191,2,10,0,14,27,79.46074544,0.71371927,0.793021412,0,7.216494845,3.885804917,15.14670896,7.930214116,94.6074544,Y,29.70660147,18.09290954,16.74816626,14.05867971,N,N,N,2017
163,1709,163,163,224,15,126,246,40,60,178,19,1,909,471,345,904,0.381637168,164,1709,1032,430,463,3,55,0,49,32,1032,387,444,97,3,55,0,18,28,44.86434109,0.290697674,5.329457364,0,4.748062016,3.100775194,9.399224806,41.66666667,54.26356589,Y,27.06270627,24.64246425,13.86138614,19.5819582,N,N,N,2017
164,1710,164,164,173,16,159,292,50,89,127,41,3,950,778,432,1672,0.258373206,165,1710,1842,111,1537,5,13,0,116,60,1842,68,1471,197,4,13,0,37,52,83.44191097,0.271444083,0.705754615,0,6.297502714,3.25732899,10.69489685,6.026058632,94.13680782,Y,30.73684211,18.21052632,16.73684211,13.36842105,N,N,N,2017
165,1711,165,165,88,9,55,132,22,34,69,12,0,421,263,171,633,0.27014218,166,1711,708,103,486,1,41,0,54,23,708,86,468,66,1,41,0,31,15,68.6440678,0.141242938,5.790960452,0,7.627118644,3.248587571,9.322033898,14.5480226,77.96610169,Y,31.35391924,20.90261283,13.06413302,16.38954869,N,N,N,2017
166,1712,166,166,158,8,123,212,34,84,98,20,4,741,555,324,929,0.34876211,167,1712,1011,132,750,2,45,0,45,37,1011,120,729,76,2,42,0,16,26,74.18397626,0.197823937,4.451038576,0,4.451038576,3.659742829,7.517309594,13.05637982,81.70128586,Y,28.6099865,21.32253711,16.59919028,13.22537112,N,N,N,2017
167,1713,167,167,298,24,286,309,48,90,257,34,6,1352,720,518,1251,0.414068745,168,1713,1535,840,458,2,121,0,52,62,1535,812,440,96,2,120,0,14,51,29.83713355,0.13029316,7.882736156,0,3.38762215,4.039087948,6.254071661,54.72312704,36.09120521,N,22.85502959,22.04142012,21.15384615,19.00887574,N,Y,N,2017
168,1714,168,168,301,26,239,334,55,113,246,35,6,1355,577,483,1300,0.371538462,169,1714,1412,429,821,0,70,3,45,44,1412,397,792,106,0,70,0,17,30,58.14447592,0,4.957507082,0.212464589,3.186968839,3.116147309,7.507082153,30.38243626,65.65155807,Y,24.64944649,22.21402214,17.63837638,18.15498155,N,N,N,2017
169,1801,169,169,266,29,228,408,87,118,167,65,4,1372,1072,611,2168,0.281826568,170,1801,2382,221,1849,20,28,0,174,90,2382,166,1748,358,9,28,0,22,51,77.62384551,0.839630563,1.175482788,0,7.304785894,3.778337531,15.02938707,9.277917716,92.65323258,Y,29.73760933,19.3877551,16.6180758,12.17201166,N,N,N,2017
170,1802,170,170,175,7,153,238,50,77,91,62,1,854,674,382,1456,0.262362637,171,1802,1772,46,1598,8,17,1,51,51,1772,22,1544,131,4,16,0,12,43,90.18058691,0.451467269,0.959367946,0.056433409,2.878103837,2.878103837,7.392776524,2.595936795,97.57336343,Y,27.86885246,20.49180328,17.91569087,10.6557377,N,N,N,2017
171,1803,171,171,209,10,159,329,59,130,119,63,0,1078,866,486,1721,0.282393957,172,1803,2048,98,1776,19,18,2,68,67,2048,51,1727,178,15,17,2,7,51,86.71875,0.927734375,0.87890625,0.09765625,3.3203125,3.271484375,8.69140625,4.78515625,95.41015625,Y,30.51948052,19.3877551,14.74953618,11.03896104,N,N,N,2017
172,1804,172,172,179,11,150,288,34,80,116,33,3,894,886,445,1753,0.253850542,173,1804,2024,96,1764,5,9,0,95,55,2024,70,1711,168,5,9,0,21,40,87.1541502,0.247035573,0.444664032,0,4.693675889,2.717391304,8.300395257,4.743083004,95.45454545,Y,32.2147651,20.02237136,16.77852349,12.9753915,N,N,N,2017
173,1805,173,173,251,21,203,310,69,102,115,54,3,1128,1052,545,1728,0.315393519,174,1805,1923,104,1681,24,4,0,56,54,1923,82,1630,147,10,4,0,13,37,87.41549662,1.248049922,0.20800832,0,2.912116485,2.808112324,7.644305772,5.408216329,95.05980239,Y,27.4822695,22.25177305,17.9964539,10.19503546,N,N,N,2017
174,1806,174,174,319,22,228,371,75,150,191,90,3,1449,947,599,1935,0.309560724,175,1806,1999,171,1672,8,13,0,69,66,1999,110,1632,184,7,13,0,6,47,83.64182091,0.4002001,0.650325163,0,3.451725863,3.301650825,9.204602301,8.554277139,92.84642321,Y,25.60386473,22.01518288,15.73498965,13.18150449,N,N,N,2017
175,1807,175,175,283,22,180,251,62,68,161,57,3,1087,717,451,1494,0.301874163,176,1807,1688,621,653,18,62,0,277,57,1688,410,584,587,8,59,0,17,23,38.68483412,1.066350711,3.672985782,0,16.40995261,3.376777251,34.77488152,36.78909953,73.45971564,Y,23.09107636,26.0349586,16.55933763,14.81140754,N,N,N,2017
176,1808,176,176,392,30,297,364,79,136,257,83,5,1643,1125,692,2617,0.264424914,177,1808,3041,859,1642,15,58,2,356,109,3041,566,1548,791,5,57,2,16,56,53.99539625,0.493258796,1.907267346,0.06576784,11.70667544,3.584347254,26.01118053,28.24728708,80.00657678,Y,22.15459525,23.85879489,18.07668898,15.64211808,N,N,N,2017
177,1809,177,177,376,38,233,296,49,63,211,56,3,1325,671,499,1472,0.338994565,178,1809,1606,960,372,7,41,1,160,65,1606,847,345,318,6,40,1,18,31,23.16313823,0.435865504,2.552926526,0.062266501,9.9626401,4.04732254,19.8007472,59.7758406,42.96388543,N,22.33962264,28.37735849,17.58490566,15.9245283,N,Y,N,2017
178,1810,178,178,619,50,334,402,78,105,338,66,8,2000,1004,751,2081,0.36088419,179,1810,2337,1576,371,13,89,0,212,76,2337,1364,351,470,5,87,0,25,35,15.87505349,0.556268721,3.808301241,0,9.071459136,3.25203252,20.11125374,67.4368849,35.98630723,N,20.1,30.95,16.7,16.9,N,Y,N,2017
179,1811,179,179,214,34,147,176,54,66,123,46,1,861,539,350,1418,0.246826516,180,1811,1410,415,707,9,29,0,194,56,1410,298,664,390,4,28,0,7,19,50.14184397,0.638297872,2.056737589,0,13.75886525,3.971631206,27.65957447,29.43262411,77.80141844,Y,20.44134727,24.85481998,17.07317073,14.28571429,N,N,N,2017
180,1812,180,180,298,17,248,240,71,53,175,45,10,1157,763,480,1530,0.31372549,181,1812,1777,951,600,11,40,1,114,60,1777,803,561,342,8,38,1,3,21,33.76477209,0.619020822,2.250984806,0.05627462,6.415306697,3.376477209,19.24592009,53.51716376,53.01069218,N,20.74330164,25.75626621,21.43474503,15.12532411,N,Y,N,2017
181,1813,181,181,142,7,103,138,43,33,76,27,1,570,430,250,916,0.272925764,182,1813,1147,381,578,3,33,0,116,36,1147,286,546,246,2,33,0,13,21,50.39232781,0.261551874,2.877070619,0,10.11333915,3.138622493,21.44725371,33.21708806,71.83958152,Y,24.21052632,24.9122807,18.07017544,13.33333333,N,N,N,2017
182,1814,182,182,140,9,110,136,41,32,98,29,3,598,450,262,1040,0.251923077,183,1814,1284,345,692,5,23,0,169,50,1284,222,647,349,2,20,0,17,27,53.894081,0.3894081,1.791277259,0,13.16199377,3.894080997,27.18068536,26.86915888,81.07476636,Y,22.74247492,23.41137124,18.39464883,16.38795987,N,N,N,2017
183,1815,183,183,213,14,142,218,52,70,158,40,3,910,742,413,1460,0.282876712,184,1815,1723,301,1195,6,20,0,151,50,1723,215,1131,330,5,20,0,4,18,69.35577481,0.348229832,1.160766106,0,8.763784098,2.901915264,19.15264074,17.46952989,88.50841555,Y,23.95604396,23.40659341,15.6043956,17.36263736,N,N,N,2017
184,1816,184,184,454,46,417,336,67,94,322,44,13,1793,907,675,1636,0.412591687,185,1816,1733,1194,380,8,39,5,73,34,1733,1118,355,191,2,38,0,7,22,21.92729371,0.461627236,2.250432776,0.288517023,4.212348529,1.961915753,11.02135026,68.89786497,32.94864397,N,18.73954267,25.32069158,23.25711099,17.95872839,N,Y,N,2017
185,1817,185,185,289,19,294,238,62,74,158,55,7,1196,844,510,1565,0.325878594,186,1817,1650,689,665,10,44,1,171,70,1650,576,616,374,4,44,1,7,28,40.3030303,0.606060606,2.666666667,0.060606061,10.36363636,4.242424242,22.66666667,41.75757576,62.96969697,N,19.89966555,24.1638796,24.5819398,13.21070234,N,Y,N,2017
186,1818,186,186,338,32,312,299,78,66,179,45,2,1351,1129,620,1977,0.313606474,187,1818,2356,1007,985,6,17,4,253,84,2356,827,913,537,4,17,0,16,42,41.80814941,0.25466893,0.721561969,0.169779287,10.7385399,3.565365025,22.79286927,42.74193548,64.60101868,N,22.13175426,25.01850481,23.09400444,13.24944486,N,Y,N,2017
187,1819,187,187,452,30,369,377,115,96,226,68,9,1742,1174,729,2526,0.288598575,188,1819,2594,1046,1180,8,70,3,199,88,2594,864,1125,467,3,68,0,17,50,45.48959136,0.308404009,2.698535081,0.115651503,7.67154973,3.392444102,18.00308404,40.32382421,63.4926754,Y,21.64179104,25.94718714,21.18254879,12.97359357,N,N,N,2017
188,1820,188,188,463,37,500,344,71,68,356,49,5,1893,1171,766,2037,0.376043201,189,1820,2279,1486,518,5,42,1,169,58,2279,1417,490,254,4,42,1,38,33,22.72926722,0.219394471,1.842913559,0.043878894,7.415533129,2.544975867,11.14523914,65.20403686,33.87450636,N,18.17221342,24.45853143,26.4131009,18.80612784,N,Y,N,2017
189,1821,189,189,261,13,185,344,63,128,160,80,3,1237,943,545,1983,0.274836107,190,1821,2119,111,1810,11,2,0,123,62,2119,61,1748,237,7,1,0,20,45,85.41764983,0.519112789,0.094384143,0,5.804624823,2.925908447,11.184521,5.238319962,96.60217084,Y,27.80921584,21.09943411,14.95553759,12.934519,N,N,N,2017
190,1822,190,190,404,39,355,324,60,74,298,59,4,1617,907,631,1661,0.379891632,191,1822,1753,1115,385,4,32,2,162,53,1753,945,355,387,1,28,2,10,25,21.96235026,0.228180262,1.825442099,0.114090131,9.241300627,3.023388477,22.07644039,63.60524815,44.03879064,N,20.03710575,24.98453927,21.95423624,18.42918986,N,Y,N,2017
191,1823,191,191,161,13,132,138,45,53,79,43,3,667,685,338,1386,0.243867244,192,1823,1195,255,743,6,11,0,148,32,1195,165,696,305,0,11,0,8,10,62.17573222,0.50209205,0.920502092,0,12.38493724,2.677824268,25.52301255,21.33891213,87.69874477,Y,20.68965517,24.13793103,19.79010495,11.84407796,N,N,N,2017
192,1901,192,192,409,22,138,364,76,87,327,30,5,1458,494,488,1344,0.363095238,193,1901,1990,1588,118,17,69,0,112,86,1990,1438,104,327,4,67,0,10,40,5.929648241,0.854271357,3.467336683,0,5.628140704,4.32160804,16.4321608,79.79899497,22.36180905,N,24.96570645,28.0521262,9.465020576,22.42798354,N,Y,N,2017
193,1902,193,193,478,32,312,415,69,102,371,55,6,1840,760,650,1529,0.425114454,194,1902,1878,1545,87,7,177,0,15,47,1878,1497,83,82,6,175,0,0,35,4.632587859,0.372736954,9.424920128,0,0.798722045,2.502662407,4.366347178,82.26837061,8.998935037,N,22.55434783,25.97826087,16.95652174,20.16304348,N,Y,N,2017
194,1903,194,194,378,19,164,329,50,84,281,27,3,1335,409,436,1071,0.407096172,195,1903,1308,1121,61,4,65,3,19,35,1308,1080,59,66,0,64,3,6,30,4.663608563,0.305810398,4.96941896,0.229357798,1.452599388,2.675840979,5.04587156,85.70336391,9.709480122,N,24.64419476,28.31460674,12.28464419,21.04868914,N,Y,N,2017
195,1904,195,195,520,29,195,487,84,137,365,29,5,1851,685,634,1537,0.412491867,196,1904,1234,1038,61,3,41,0,48,43,1234,980,57,114,2,41,0,5,35,4.943273906,0.243111831,3.322528363,0,3.889789303,3.484602917,9.238249595,84.11669368,14.1815235,N,26.31010265,28.09292274,10.53484603,19.71907077,N,Y,N,2017
196,1905,196,196,408,19,176,377,55,104,292,28,7,1466,634,525,1306,0.401990812,197,1905,1582,1239,158,8,70,0,71,36,1582,1125,143,209,5,70,0,8,22,9.987357775,0.505689001,4.424778761,0,4.487989886,2.275600506,13.21112516,78.31858407,23.19848293,N,25.71623465,27.8308322,12.00545703,19.91814461,N,Y,N,2017
197,1906,197,197,623,43,257,566,99,152,424,52,5,2221,747,742,1736,0.427419355,198,1906,1665,1390,123,8,69,0,33,42,1665,1319,110,125,6,69,0,6,30,7.387387387,0.48048048,4.144144144,0,1.981981982,2.522522523,7.507507508,83.48348348,14.89489489,N,25.48401621,28.05042774,11.57136425,19.09049977,N,Y,N,2017
198,1907,198,198,452,23,210,430,76,115,362,36,8,1712,596,577,1735,0.332564841,199,1907,1717,1105,211,8,136,0,184,73,1717,941,198,388,2,136,0,11,41,12.28887595,0.465928946,7.920792079,0,10.71636575,4.251601631,22.59755387,64.35643564,34.88642982,N,25.11682243,26.40186916,12.26635514,21.14485981,N,Y,N,2017
199,1908,199,199,289,16,112,263,27,63,225,14,2,1011,321,333,843,0.395017794,200,1908,843,754,27,1,28,0,12,21,843,728,27,38,1,28,0,4,17,3.202846975,0.118623962,3.321470937,0,1.423487544,2.491103203,4.507710558,89.44246738,7.710557533,N,26.01384768,28.58555885,11.07814045,22.25519288,N,Y,N,2017
200,1909,200,200,241,18,100,239,25,66,209,13,6,917,323,310,830,0.373493976,201,1909,844,707,40,1,66,0,11,19,844,661,39,60,0,66,0,3,15,4.739336493,0.118483412,7.819905213,0,1.303317536,2.251184834,7.109004739,83.76777251,11.84834123,N,26.06324973,26.28135224,10.90512541,22.7917121,N,Y,N,2017
201,1910,201,201,467,26,271,366,51,85,299,53,5,1623,777,600,1698,0.35335689,202,1910,1817,1097,474,6,36,3,142,59,1817,928,425,394,4,35,3,6,22,26.08695652,0.33021464,1.981287837,0.16510732,7.815079802,3.247110622,21.68409466,60.37424326,47.77105118,N,22.55083179,28.77387554,16.69747381,18.42267406,N,Y,N,2017
202,1911,202,202,258,16,149,196,54,61,148,35,6,923,633,389,1624,0.23953202,203,1911,1386,469,390,7,73,0,364,83,1386,232,342,694,2,73,0,7,36,28.13852814,0.505050505,5.266955267,0,26.26262626,5.988455988,50.07215007,33.83838384,78.21067821,N,21.23510293,27.95232936,16.14301192,16.03466956,Y,N,N,2017
203,1912,203,203,328,26,233,309,44,79,273,37,0,1329,535,466,1186,0.392917369,204,1912,1133,750,237,7,19,1,74,45,1133,656,220,212,5,18,1,1,20,20.91791703,0.617828773,1.676963813,0.088261253,6.531332745,3.971756399,18.7113857,66.19593998,39.62930274,N,23.25056433,24.68021068,17.53197893,20.54176072,N,Y,N,2017
204,1913,204,204,228,16,131,182,27,49,153,24,2,812,504,329,1102,0.298548094,205,1913,1850,792,581,10,42,5,321,99,1850,516,516,732,2,42,4,9,29,31.40540541,0.540540541,2.27027027,0.27027027,17.35135135,5.351351351,39.56756757,42.81081081,70.97297297,N,22.4137931,28.07881773,16.13300493,18.84236453,N,Y,N,2017
205,2001,205,205,391,32,283,311,38,68,287,33,8,1451,761,553,1524,0.362860892,206,2001,1872,1672,79,4,55,0,44,18,1872,1603,71,115,1,54,0,13,15,4.22008547,0.213675214,2.938034188,0,2.35042735,0.961538462,6.143162393,89.31623932,10.36324786,N,21.43349414,26.94693315,19.50379049,19.77946244,N,Y,N,2017
206,2002,206,206,441,29,277,345,57,74,319,32,4,1578,686,566,1626,0.348093481,207,2002,1786,1285,248,9,67,0,120,57,1786,1129,218,333,3,66,0,7,30,13.88577828,0.503919373,3.751399776,0,6.718924972,3.191489362,18.6450168,71.94848824,32.53079507,N,21.86311787,27.94676806,17.55386565,20.21546261,N,Y,N,2017
207,2003,207,207,301,38,305,206,42,60,207,39,9,1207,793,500,1674,0.298685783,208,2003,1967,1118,543,4,121,0,133,48,1967,1001,508,298,4,121,0,7,28,27.60549059,0.203355363,6.151499746,0,6.761565836,2.440264362,15.14997458,56.8378241,42.75546518,N,17.06710853,24.93786247,25.26926263,17.14995857,N,Y,N,2017
208,2004,208,208,459,26,230,356,36,78,344,37,2,1568,616,546,1208,0.451986755,209,2004,1132,972,74,0,21,0,42,23,1132,941,69,85,0,21,0,3,13,6.537102473,0,1.855123675,0,3.71024735,2.03180212,7.508833922,85.86572438,14.0459364,N,22.70408163,29.27295918,14.66836735,21.93877551,N,Y,N,2017
209,2005,209,209,354,32,367,244,43,60,254,42,10,1406,942,587,1576,0.372461929,210,2005,2961,2444,180,6,183,1,106,41,2961,2324,161,245,4,183,1,10,33,6.079027356,0.202634245,6.180344478,0.033772374,3.579871665,1.384667342,8.274231678,82.53968254,14.35325903,N,17.3541963,25.17780939,26.10241821,18.06543385,N,Y,N,2017
210,2006,210,210,455,38,428,367,40,100,393,44,12,1877,791,667,1663,0.401082381,211,2006,1978,1797,67,8,64,1,17,24,1978,1735,67,82,7,63,1,3,20,3.387259858,0.404448938,3.235591507,0.050556117,0.859453994,1.213346815,4.145601618,90.84934277,7.532861476,N,19.55247736,24.2408098,22.80234417,20.93766649,N,Y,N,2017
211,2007,211,211,303,27,241,231,34,57,254,33,10,1190,502,423,1001,0.422577423,212,2007,1072,977,41,4,28,0,13,9,1072,933,37,62,4,28,0,2,6,3.824626866,0.373134328,2.611940299,0,1.212686567,0.839552239,5.78358209,91.1380597,9.608208955,N,19.41176471,25.46218487,20.25210084,21.34453782,N,Y,N,2017
212,2008,212,212,323,30,219,253,28,67,224,27,4,1175,505,420,1200,0.35,213,2008,1391,1117,113,8,45,0,70,38,1391,1056,102,162,1,45,0,2,23,8.123652049,0.575125809,3.235082674,0,5.032350827,2.731847592,11.64629763,80.30194105,19.76994968,N,21.53191489,27.4893617,18.63829787,19.06382979,N,Y,N,2017
213,2009,213,213,361,32,255,279,34,62,277,49,12,1361,503,466,1332,0.34984985,214,2009,1481,1136,188,1,14,0,109,33,1481,1027,176,243,0,14,0,7,14,12.69412559,0.067521945,0.945307225,0,7.359891965,2.228224173,16.40783255,76.7049291,29.10195814,N,20.49963262,26.52461425,18.73622337,20.35268185,N,Y,N,2017
214,2010,214,214,495,26,447,388,45,84,490,45,7,2027,809,709,1914,0.370428422,215,2010,1488,1248,71,0,95,1,53,20,1488,1191,60,122,0,94,1,8,12,4.771505376,0,6.384408602,0.067204301,3.561827957,1.344086022,8.198924731,83.87096774,12.97043011,N,19.14158855,24.4203256,22.05229403,24.17365565,N,Y,N,2017
215,2011,215,215,250,20,203,207,24,51,200,19,3,977,371,337,775,0.43483871,216,2011,816,732,22,0,40,1,7,14,816,708,18,35,0,40,1,1,13,2.696078431,0,4.901960784,0.12254902,0.857843137,1.715686275,4.289215686,89.70588235,6.985294118,N,21.18730809,25.58853634,20.7778915,20.47082907,N,Y,N,2017
216,2012,216,216,299,28,275,224,30,48,234,35,7,1180,528,427,1057,0.40397351,217,2012,1044,989,15,0,30,0,5,5,1044,974,14,23,0,30,0,0,3,1.436781609,0,2.873563218,0,0.478927203,0.478927203,2.203065134,94.73180077,3.639846743,N,18.98305085,25.33898305,23.30508475,19.83050847,N,Y,N,2017
217,2013,217,217,271,19,237,183,20,46,221,18,10,1025,475,375,966,0.388198758,218,2013,952,858,19,0,56,1,12,6,952,842,19,29,0,56,1,3,2,1.995798319,0,5.882352941,0.105042017,1.260504202,0.630252101,3.046218487,90.12605042,5.042016807,N,17.85365854,26.43902439,23.12195122,21.56097561,N,Y,N,2017
218,2014,218,218,291,30,248,216,18,44,279,29,7,1162,542,426,933,0.45659164,219,2014,915,845,18,1,36,0,6,9,915,828,13,28,1,36,0,1,8,1.967213115,0.109289617,3.93442623,0,0.655737705,0.983606557,3.06010929,92.34972678,5.027322404,N,18.58864028,25.04302926,21.34251291,24.01032702,N,Y,N,2017
219,2015,219,219,379,37,412,248,52,90,251,56,2,1527,885,603,1846,0.326652221,220,2015,2041,1593,160,7,186,0,69,26,2041,1525,140,154,4,185,0,8,25,7.839294463,0.342969133,9.113179814,0,3.380695737,1.27388535,7.545320921,78.0499755,15.38461538,N,16.24099542,24.81990832,26.98100851,16.43745907,N,Y,N,2017
220,2016,220,220,368,36,422,247,39,66,289,46,12,1525,943,617,1848,0.333874459,221,2016,2031,1704,87,2,164,2,45,27,2031,1640,79,126,0,164,1,8,13,4.283604136,0.098473658,8.07483998,0.098473658,2.215657312,1.329394387,6.203840473,83.89955687,10.48744461,N,16.19672131,24.13114754,27.67213115,18.95081967,N,Y,N,2017
221,2017,221,221,459,36,439,348,56,76,396,49,11,1870,942,703,1966,0.35757884,222,2017,1926,1763,55,1,84,0,6,17,1926,1708,52,70,0,84,0,0,12,2.855659398,0.05192108,4.361370717,0,0.31152648,0.882658359,3.634475597,91.53686397,6.490134995,N,18.60962567,24.54545455,23.47593583,21.17647059,N,Y,N,2017
222,2018,222,222,263,27,222,201,25,60,226,31,0,1055,445,375,998,0.375751503,223,2018,1041,908,48,7,59,0,8,11,1041,880,45,45,2,59,0,5,5,4.610951009,0.672430355,5.667627281,0,0.768491835,1.056676273,4.322766571,87.22382325,8.933717579,N,19.0521327,24.92890995,21.04265403,21.42180095,N,Y,N,2017
223,2019,223,223,282,17,264,198,22,57,262,19,7,1128,500,407,996,0.408634538,224,2019,1038,961,11,0,56,0,4,6,1038,927,10,41,0,56,0,2,2,1.05973025,0,5.394990366,0,0.385356455,0.578034682,3.949903661,92.58188825,5.009633911,N,17.55319149,25,23.40425532,23.22695035,N,Y,N,2017
224,2020,224,224,353,36,322,256,40,66,318,37,12,1440,780,555,1777,0.312324142,225,2020,2367,1882,102,1,283,0,50,49,2367,1796,97,135,1,283,0,15,40,4.309252218,0.042247571,11.95606253,0,2.112378538,2.070130967,5.703422053,79.50992818,10.01267427,N,17.77777778,24.51388889,22.36111111,22.08333333,N,Y,N,2017
225,2101,225,225,189,14,123,158,27,56,137,19,5,728,228,239,1774,0.134723788,226,2101,3936,2804,140,8,776,5,78,125,3936,2608,132,298,7,773,3,14,101,3.556910569,0.203252033,19.71544715,0.12703252,1.981707317,3.175813008,7.571138211,71.2398374,11.12804878,N,21.7032967,25.96153846,16.8956044,18.81868132,N,Y,N,2017
226,2102,226,226,40,6,24,28,7,13,28,4,1,151,45,49,1143,0.042869641,227,2102,6796,4675,223,3,1512,0,115,268,6796,4319,204,525,2,1500,0,20,226,3.281341966,0.044143614,22.2483814,0,1.692171866,3.943496174,7.725132431,68.79046498,11.0064744,N,18.54304636,26.49006623,15.89403974,18.54304636,N,Y,N,2017
227,2103,227,227,103,11,55,88,24,34,75,16,3,409,131,135,1356,0.099557522,228,2103,3700,2379,137,6,956,1,101,120,3700,2212,127,256,5,946,1,46,107,3.702702703,0.162162162,25.83783784,0.027027027,2.72972973,3.243243243,6.918918919,64.2972973,10.62162162,N,21.51589242,25.18337408,13.44743276,18.33740831,N,Y,N,2017
228,2104,228,228,96,15,43,75,27,19,71,10,3,359,177,134,1044,0.12835249,229,2104,2966,1914,77,2,596,1,240,136,2966,1775,76,326,1,594,1,101,92,2.596089009,0.067430883,20.09440324,0.033715442,8.091706001,4.585300067,10.99123399,64.53135536,13.58732299,N,20.8913649,26.74094708,11.97771588,19.77715877,N,Y,N,2017
229,2105,229,229,199,16,86,150,39,68,137,22,2,719,253,243,1585,0.153312303,230,2105,2668,1915,106,2,511,3,64,67,2668,1792,98,184,0,507,2,29,56,3.973013493,0.074962519,19.15292354,0.112443778,2.3988006,2.511244378,6.896551724,71.77661169,10.86956522,N,20.86230876,27.67732962,11.96105702,19.054242,N,Y,N,2017
230,2106,230,230,214,15,139,156,28,56,167,33,4,812,324,284,1101,0.257947321,231,2106,2860,2162,94,5,405,3,108,83,2860,2024,89,216,2,404,3,51,71,3.286713287,0.174825175,14.16083916,0.104895105,3.776223776,2.902097902,7.552447552,75.59440559,10.83916084,N,19.21182266,26.3546798,17.1182266,20.56650246,N,Y,N,2017
231,2107,231,231,188,30,105,132,50,64,149,23,4,745,267,253,1491,0.169684775,232,2107,1555,1017,152,5,207,3,107,64,1555,858,131,290,2,206,3,16,49,9.774919614,0.321543408,13.31189711,0.192926045,6.881028939,4.115755627,18.64951768,65.40192926,28.4244373,N,17.71812081,25.23489933,14.09395973,20,N,Y,N,2017
232,2108,232,232,214,27,90,168,53,69,145,27,2,795,249,261,1759,0.148379761,233,2108,2811,2080,124,6,433,1,104,63,2811,1981,118,196,2,432,1,31,50,4.411241551,0.213447172,15.4037709,0.035574529,3.699750978,2.241195304,6.972607613,73.99501957,11.38384916,N,21.13207547,26.91823899,11.32075472,18.23899371,N,Y,N,2017
233,2109,233,233,198,24,123,159,46,59,135,33,1,778,278,264,1772,0.148984199,234,2109,2881,1824,255,11,555,1,140,95,2881,1691,230,304,4,553,1,24,74,8.85109337,0.381811871,19.26414439,0.03471017,4.859423811,3.297466158,10.5518917,63.31135023,19.40298507,N,20.43701799,25.44987147,15.80976864,17.35218509,N,Y,N,2017
234,2110,234,234,212,20,139,146,39,69,132,35,5,797,479,319,1487,0.214525891,235,2110,2112,1504,152,2,313,1,74,66,2112,1399,134,214,1,311,1,7,45,7.196969697,0.09469697,14.82007576,0.047348485,3.503787879,3.125,10.13257576,71.21212121,17.32954545,N,18.31869511,26.59974906,17.44040151,16.5621079,N,Y,N,2017
235,2111,235,235,205,35,134,163,35,70,161,30,1,834,358,298,1715,0.173760933,236,2111,2664,1982,82,4,465,0,67,64,2664,1890,76,161,2,465,0,18,52,3.078078078,0.15015015,17.45495495,0,2.515015015,2.402402402,6.043543544,74.3993994,9.121621622,N,19.54436451,24.58033573,16.06714628,19.30455635,N,Y,N,2017
236,2112,236,236,219,19,147,174,43,86,146,37,3,874,590,366,1650,0.221818182,237,2112,2414,2051,85,2,198,2,36,40,2414,1972,76,126,1,196,2,8,33,3.521126761,0.082850041,8.202154101,0.082850041,1.491300746,1.657000829,5.21955261,84.96271748,8.74067937,N,19.90846682,25.05720824,16.81922197,16.70480549,N,Y,N,2017
237,2113,237,237,403,47,318,285,54,111,255,36,8,1517,631,537,2040,0.263235294,238,2113,2772,2133,52,1,502,1,39,44,2772,2088,48,76,0,502,1,17,40,1.875901876,0.036075036,18.10966811,0.036075036,1.406926407,1.587301587,2.741702742,76.94805195,4.617604618,N,18.78707976,26.56558998,20.96242584,16.80949242,N,Y,N,2017
238,2114,238,238,127,14,75,107,26,51,105,12,4,521,107,157,996,0.157630522,239,2114,1528,1253,44,2,175,0,20,34,1528,1197,42,83,2,175,0,2,27,2.879581152,0.130890052,11.45287958,0,1.308900524,2.22513089,5.431937173,82.0026178,8.311518325,N,20.53742802,24.37619962,14.39539347,20.15355086,N,Y,N,2017
239,2115,239,239,173,22,90,137,36,60,126,15,2,661,191,213,1235,0.172469636,240,2115,1905,1545,54,6,236,2,32,30,1905,1488,53,87,4,235,2,11,25,2.834645669,0.31496063,12.38845144,0.104986877,1.679790026,1.57480315,4.566929134,81.1023622,7.401574803,N,20.72617247,26.17246596,13.61573374,19.06202723,N,Y,N,2017
240,2116,240,240,241,26,173,211,37,72,158,36,1,955,353,327,1553,0.210560206,241,2116,5369,4299,265,4,567,0,88,146,5369,4024,248,393,4,564,0,11,125,4.935742224,0.074501769,10.56062581,0,1.639038927,2.719314584,7.319798845,80.07077668,12.25554107,N,22.09424084,25.23560209,18.11518325,16.54450262,N,Y,N,2017
241,2201,241,241,286,26,191,212,59,73,225,32,4,1108,608,429,1923,0.223088924,242,2201,5112,3220,357,17,1026,1,278,213,5112,2804,315,712,8,1022,1,68,182,6.983568075,0.332550861,20.07042254,0.019561815,5.438184664,4.166666667,13.92801252,62.98904538,20.91158059,N,19.13357401,25.81227437,17.23826715,20.30685921,N,Y,N,2017
242,2202,242,242,327,40,205,242,68,94,232,50,12,1270,782,513,2322,0.220930233,243,2202,2937,1933,163,8,404,2,315,112,2937,1738,146,480,3,401,2,98,69,5.549880831,0.272386789,13.75553286,0.068096697,10.72522983,3.813415049,16.34320735,65.81545795,21.89308819,N,19.05511811,25.7480315,16.14173228,18.26771654,N,Y,N,2017
243,2203,243,243,293,41,205,211,53,95,179,46,6,1129,587,429,1891,0.226864093,244,2203,2369,1875,78,3,306,0,73,34,2369,1787,70,157,3,305,0,21,26,3.292528493,0.126635711,12.91684255,0,3.081468974,1.435204728,6.62726889,79.14731954,9.919797383,N,18.6891054,25.95217006,18.15766165,15.85473871,N,Y,N,2017
244,2204,244,244,246,40,167,182,37,66,169,31,6,944,444,347,1232,0.281655844,245,2204,1406,1133,57,0,154,0,42,20,1406,1085,55,87,0,151,0,10,18,4.054054054,0,10.95305832,0,2.987197724,1.422475107,6.187766714,80.58321479,10.24182077,N,19.27966102,26.05932203,17.69067797,17.90254237,N,Y,N,2017
245,2205,245,245,131,20,76,90,25,43,91,12,1,489,363,213,1132,0.188162544,246,2205,1642,1010,116,3,185,0,251,77,1642,894,99,270,1,184,0,136,58,7.06455542,0.182704019,11.26674787,0,15.2862363,4.689403167,16.44336175,61.51035323,23.50791717,N,18.40490798,26.78936605,15.54192229,18.60940695,N,Y,N,2017
246,2206,246,246,179,26,136,128,33,40,125,26,2,695,297,248,1088,0.227941176,247,2206,1585,1157,41,1,221,0,117,48,1585,1066,32,169,1,221,0,58,38,2.586750789,0.063091483,13.94321767,0,7.38170347,3.028391167,10.66246057,72.99684543,13.24921136,N,18.41726619,25.75539568,19.56834532,17.98561151,N,Y,N,2017
247,2207,247,247,301,43,213,216,57,89,206,34,9,1168,540,427,1605,0.266043614,248,2207,2079,1628,118,4,160,1,121,47,2079,1552,109,164,3,159,1,52,39,5.675805676,0.192400192,7.696007696,0.048100048,5.82010582,2.260702261,7.888407888,78.30687831,13.56421356,N,18.49315068,25.77054795,18.23630137,17.6369863,N,Y,N,2017
248,2208,248,248,201,21,174,155,20,46,139,24,0,780,400,295,1282,0.230109204,249,2208,2065,1583,61,1,357,0,26,37,2065,1505,58,108,1,354,0,8,31,2.953995157,0.04842615,17.28813559,0,1.259079903,1.791767554,5.230024213,76.65859564,8.18401937,N,19.87179487,25.76923077,22.30769231,17.82051282,N,Y,N,2017
249,2209,249,249,195,24,130,147,35,59,142,25,2,759,377,284,1328,0.213855422,250,2209,2018,1564,40,0,319,2,33,60,2018,1498,37,99,0,319,2,11,52,1.982160555,0,15.80773043,0.099108028,1.635282458,2.973240833,4.905847374,77.5024777,6.888007929,N,19.36758893,25.6916996,17.12779974,18.7088274,N,Y,N,2017
250,2210,250,250,289,29,200,193,52,86,196,28,7,1080,484,391,1455,0.268728522,251,2210,2442,1984,90,1,250,0,73,44,2442,1842,81,207,1,248,0,34,29,3.685503686,0.040950041,10.23751024,0,2.989352989,1.801801802,8.476658477,81.24488124,12.16216216,N,17.87037037,26.75925926,18.51851852,18.14814815,N,Y,N,2017
251,2211,251,251,186,19,128,116,23,43,113,18,2,648,412,265,1041,0.25456292,252,2211,1315,1019,66,5,155,0,29,41,1315,949,64,109,1,152,0,12,28,5.019011407,0.380228137,11.78707224,0,2.205323194,3.117870722,8.288973384,77.4904943,13.30798479,N,17.90123457,28.7037037,19.75308642,17.4382716,N,Y,N,2017
252,2212,252,252,198,26,149,123,32,48,133,26,4,739,397,284,1200,0.236666667,253,2212,1646,1007,164,8,242,1,158,66,1646,903,138,299,5,242,0,29,30,9.963547995,0.486026731,14.70230863,0.060753341,9.599027947,4.009720535,18.16524909,61.17861482,28.12879708,N,16.64411367,26.79296346,20.1623816,17.99729364,N,Y,N,2017
253,2213,253,253,165,25,125,117,21,56,113,23,3,648,400,262,930,0.28172043,,,,,,,,,,,,,,,,,,,,,,,,,,,,,,18.05555556,25.46296296,19.29012346,17.4382716,,,,
,,32131,32131,64925,6115,51599,57435,11623,18231,45498,8757,1228,265411,170105,108879,,,,,,,,,,,,,,,,,,,,,,,,,,,,,,,,,,,,,,,